make,model,year,risk_level,analytics_exact_rows,analytics_model_rows,open_ev_exact_rows,source_count,sources,missing_reference_specs,reasons
Abarth,500e Convertible,,high,0,0,0,1,electric_vehicles_spec_2025.csv.csv,,no analytics training rows for this make/model; only one dataset source; not supported by analytics base or Open EV merge path
Abarth,500e Hatchback,,high,0,0,0,1,electric_vehicles_spec_2025.csv.csv,,no analytics training rows for this make/model; only one dataset source; not supported by analytics base or Open EV merge path
Abarth,600e Scorpionissima,,high,0,0,0,1,electric_vehicles_spec_2025.csv.csv,,no analytics training rows for this make/model; only one dataset source; not supported by analytics base or Open EV merge path
Abarth,600e Turismo,,high,0,0,0,1,electric_vehicles_spec_2025.csv.csv,,no analytics training rows for this make/model; only one dataset source; not supported by analytics base or Open EV merge path
Aiways,U5,,high,0,0,0,1,electric_vehicles_spec_2025.csv.csv,,no analytics training rows for this make/model; only one dataset source; not supported by analytics base or Open EV merge path
Aiways,U6,,high,0,0,0,1,electric_vehicles_spec_2025.csv.csv,,no analytics training rows for this make/model; only one dataset source; not supported by analytics base or Open EV merge path
Alfa,Romeo Junior Elettrica 54 kWh,,high,0,0,0,1,electric_vehicles_spec_2025.csv.csv,,no analytics training rows for this make/model; only one dataset source; not supported by analytics base or Open EV merge path
Alfa,Romeo Junior Elettrica 54 kWh Veloce,,high,0,0,0,1,electric_vehicles_spec_2025.csv.csv,,no analytics training rows for this make/model; only one dataset source; not supported by analytics base or Open EV merge path
Alpine,A290 Electric 180 hp,,high,0,0,0,1,electric_vehicles_spec_2025.csv.csv,,no analytics training rows for this make/model; only one dataset source; not supported by analytics base or Open EV merge path
Alpine,A290 Electric 220 hp,,high,0,0,0,1,electric_vehicles_spec_2025.csv.csv,,no analytics training rows for this make/model; only one dataset source; not supported by analytics base or Open EV merge path
Audi,A6 Avant e-tron,,high,0,0,0,1,electric_vehicles_spec_2025.csv.csv,,no analytics training rows for this make/model; only one dataset source; not supported by analytics base or Open EV merge path
Audi,A6 Avant e-tron performance,,high,0,0,0,1,electric_vehicles_spec_2025.csv.csv,,no analytics training rows for this make/model; only one dataset source; not supported by analytics base or Open EV merge path
Audi,A6 Avant e-tron quattro,,high,0,0,0,1,electric_vehicles_spec_2025.csv.csv,,no analytics training rows for this make/model; only one dataset source; not supported by analytics base or Open EV merge path
Audi,A6 Sportback e-tron,,high,0,0,0,1,electric_vehicles_spec_2025.csv.csv,,no analytics training rows for this make/model; only one dataset source; not supported by analytics base or Open EV merge path
Audi,A6 Sportback e-tron performance,,high,0,0,0,1,electric_vehicles_spec_2025.csv.csv,,no analytics training rows for this make/model; only one dataset source; not supported by analytics base or Open EV merge path
Audi,A6 Sportback e-tron quattro,,high,0,0,0,1,electric_vehicles_spec_2025.csv.csv,,no analytics training rows for this make/model; only one dataset source; not supported by analytics base or Open EV merge path
Audi,A6 e-tron,2024,high,0,0,2,1,open-ev-data-v1.24.0.csv,,no analytics training rows for this make/model; only one dataset source
Audi,A6 e-tron,2025,high,0,0,2,1,open-ev-data-v1.24.0.csv,,no analytics training rows for this make/model; only one dataset source
Audi,Q4 Sportback e-tron 40,,high,0,0,0,1,electric_vehicles_spec_2025.csv.csv,,no analytics training rows for this make/model; only one dataset source; not supported by analytics base or Open EV merge path
Audi,Q4 Sportback e-tron 45,,high,0,0,0,1,electric_vehicles_spec_2025.csv.csv,,no analytics training rows for this make/model; only one dataset source; not supported by analytics base or Open EV merge path
Audi,Q4 Sportback e-tron 45 quattro,,high,0,0,0,1,electric_vehicles_spec_2025.csv.csv,,no analytics training rows for this make/model; only one dataset source; not supported by analytics base or Open EV merge path
Audi,Q4 Sportback e-tron 55 quattro,,high,0,0,0,1,electric_vehicles_spec_2025.csv.csv,,no analytics training rows for this make/model; only one dataset source; not supported by analytics base or Open EV merge path
Audi,Q4 e-tron 40,,high,0,0,0,1,electric_vehicles_spec_2025.csv.csv,,no analytics training rows for this make/model; only one dataset source; not supported by analytics base or Open EV merge path
Audi,Q4 e-tron 45,,high,0,0,0,1,electric_vehicles_spec_2025.csv.csv,,no analytics training rows for this make/model; only one dataset source; not supported by analytics base or Open EV merge path
Audi,Q4 e-tron 45 quattro,,high,0,0,0,1,electric_vehicles_spec_2025.csv.csv,,no analytics training rows for this make/model; only one dataset source; not supported by analytics base or Open EV merge path
Audi,Q4 e-tron 55 quattro,,high,0,0,0,1,electric_vehicles_spec_2025.csv.csv,,no analytics training rows for this make/model; only one dataset source; not supported by analytics base or Open EV merge path
Audi,Q6 e-tron,,high,0,0,0,1,electric_vehicles_spec_2025.csv.csv,,no analytics training rows for this make/model; only one dataset source; not supported by analytics base or Open EV merge path
Audi,Q6 e-tron,2024,high,0,0,2,1,open-ev-data-v1.24.0.csv,,no analytics training rows for this make/model; only one dataset source
Audi,Q6 e-tron,2025,high,0,0,3,1,open-ev-data-v1.24.0.csv,,no analytics training rows for this make/model; only one dataset source
Audi,Q6 e-tron Sportback,,high,0,0,0,1,electric_vehicles_spec_2025.csv.csv,,no analytics training rows for this make/model; only one dataset source; not supported by analytics base or Open EV merge path
Audi,Q6 e-tron Sportback performance,,high,0,0,0,1,electric_vehicles_spec_2025.csv.csv,,no analytics training rows for this make/model; only one dataset source; not supported by analytics base or Open EV merge path
Audi,Q6 e-tron Sportback quattro,,high,0,0,0,1,electric_vehicles_spec_2025.csv.csv,,no analytics training rows for this make/model; only one dataset source; not supported by analytics base or Open EV merge path
Audi,Q6 e-tron performance,,high,0,0,0,1,electric_vehicles_spec_2025.csv.csv,,no analytics training rows for this make/model; only one dataset source; not supported by analytics base or Open EV merge path
Audi,Q6 e-tron quattro,,high,0,0,0,1,electric_vehicles_spec_2025.csv.csv,,no analytics training rows for this make/model; only one dataset source; not supported by analytics base or Open EV merge path
Audi,Q8 e-tron,2023,high,0,0,6,1,open-ev-data-v1.24.0.csv,,no analytics training rows for this make/model; only one dataset source
Audi,Q8 e-tron,2024,high,0,0,6,1,open-ev-data-v1.24.0.csv,,no analytics training rows for this make/model; only one dataset source
Audi,Q8 e-tron,2025,high,0,0,6,1,open-ev-data-v1.24.0.csv,,no analytics training rows for this make/model; only one dataset source
Audi,S6 Avant e-tron,,high,0,0,0,1,electric_vehicles_spec_2025.csv.csv,,no analytics training rows for this make/model; only one dataset source; not supported by analytics base or Open EV merge path
Audi,S6 Sportback e-tron,,high,0,0,0,1,electric_vehicles_spec_2025.csv.csv,,no analytics training rows for this make/model; only one dataset source; not supported by analytics base or Open EV merge path
Audi,SQ6 e-tron,,high,0,0,0,1,electric_vehicles_spec_2025.csv.csv,,no analytics training rows for this make/model; only one dataset source; not supported by analytics base or Open EV merge path
Audi,SQ6 e-tron Sportback,,high,0,0,0,1,electric_vehicles_spec_2025.csv.csv,,no analytics training rows for this make/model; only one dataset source; not supported by analytics base or Open EV merge path
Audi,e-tron GT,2023,high,0,0,2,1,open-ev-data-v1.24.0.csv,,no analytics training rows for this make/model; only one dataset source
Audi,e-tron GT,2024,high,0,0,2,1,open-ev-data-v1.24.0.csv,,no analytics training rows for this make/model; only one dataset source
Audi,e-tron GT,2025,high,0,0,2,1,open-ev-data-v1.24.0.csv,,no analytics training rows for this make/model; only one dataset source
Audi,e-tron GT RS,,high,0,0,0,1,electric_vehicles_spec_2025.csv.csv,,no analytics training rows for this make/model; only one dataset source; not supported by analytics base or Open EV merge path
Audi,e-tron GT RS performance,,high,0,0,0,1,electric_vehicles_spec_2025.csv.csv,,no analytics training rows for this make/model; only one dataset source; not supported by analytics base or Open EV merge path
Audi,e-tron GT S,,high,0,0,0,1,electric_vehicles_spec_2025.csv.csv,,no analytics training rows for this make/model; only one dataset source; not supported by analytics base or Open EV merge path
Audi,e-tron GT quattro,,high,0,0,0,1,electric_vehicles_spec_2025.csv.csv,,no analytics training rows for this make/model; only one dataset source; not supported by analytics base or Open EV merge path
Automobili Pininfarina,Battista,2023,high,0,0,1,1,open-ev-data-v1.24.0.csv,,no analytics training rows for this make/model; only one dataset source
Automobili Pininfarina,Battista,2024,high,0,0,1,1,open-ev-data-v1.24.0.csv,,no analytics training rows for this make/model; only one dataset source
Automobili Pininfarina,Battista,2025,high,0,0,1,1,open-ev-data-v1.24.0.csv,,no analytics training rows for this make/model; only one dataset source
BMW,i4 M50,,high,0,0,0,1,electric_vehicles_spec_2025.csv.csv,,no analytics training rows for this make/model; only one dataset source; not supported by analytics base or Open EV merge path
BMW,i4 eDrive35,,high,0,0,0,1,electric_vehicles_spec_2025.csv.csv,,no analytics training rows for this make/model; only one dataset source; not supported by analytics base or Open EV merge path
BMW,i4 eDrive40,,high,0,0,0,1,electric_vehicles_spec_2025.csv.csv,,no analytics training rows for this make/model; only one dataset source; not supported by analytics base or Open EV merge path
BMW,i4 xDrive40,,high,0,0,0,1,electric_vehicles_spec_2025.csv.csv,,no analytics training rows for this make/model; only one dataset source; not supported by analytics base or Open EV merge path
BMW,i5,2024,high,0,0,2,1,open-ev-data-v1.24.0.csv,torque_nm,no analytics training rows for this make/model; only one dataset source; missing planner reference field: torque_nm
BMW,i5,2025,high,0,0,2,1,open-ev-data-v1.24.0.csv,torque_nm,no analytics training rows for this make/model; only one dataset source; missing planner reference field: torque_nm
BMW,i5 M60 xDrive Sedan (MY25),,high,0,0,0,1,electric_vehicles_spec_2025.csv.csv,,no analytics training rows for this make/model; only one dataset source; not supported by analytics base or Open EV merge path
BMW,i5 M60 xDrive Touring (MY25),,high,0,0,0,1,electric_vehicles_spec_2025.csv.csv,,no analytics training rows for this make/model; only one dataset source; not supported by analytics base or Open EV merge path
BMW,i5 eDrive40 Sedan (MY25),,high,0,0,0,1,electric_vehicles_spec_2025.csv.csv,,no analytics training rows for this make/model; only one dataset source; not supported by analytics base or Open EV merge path
BMW,i5 eDrive40 Touring (MY25),,high,0,0,0,1,electric_vehicles_spec_2025.csv.csv,,no analytics training rows for this make/model; only one dataset source; not supported by analytics base or Open EV merge path
BMW,i5 xDrive40 Sedan (MY25),,high,0,0,0,1,electric_vehicles_spec_2025.csv.csv,,no analytics training rows for this make/model; only one dataset source; not supported by analytics base or Open EV merge path
BMW,i5 xDrive40 Touring (MY25),,high,0,0,0,1,electric_vehicles_spec_2025.csv.csv,,no analytics training rows for this make/model; only one dataset source; not supported by analytics base or Open EV merge path
BMW,i7,2023,high,0,0,2,1,open-ev-data-v1.24.0.csv,torque_nm,no analytics training rows for this make/model; only one dataset source; missing planner reference field: torque_nm
BMW,i7,2024,high,0,0,2,1,open-ev-data-v1.24.0.csv,torque_nm,no analytics training rows for this make/model; only one dataset source; missing planner reference field: torque_nm
BMW,i7,2025,high,0,0,2,1,open-ev-data-v1.24.0.csv,torque_nm,no analytics training rows for this make/model; only one dataset source; missing planner reference field: torque_nm
BMW,i7 M70 xDrive,,high,0,0,0,1,electric_vehicles_spec_2025.csv.csv,,no analytics training rows for this make/model; only one dataset source; not supported by analytics base or Open EV merge path
BMW,i7 eDrive50,,high,0,0,0,1,electric_vehicles_spec_2025.csv.csv,,no analytics training rows for this make/model; only one dataset source; not supported by analytics base or Open EV merge path
BMW,i7 xDrive60,,high,0,0,0,1,electric_vehicles_spec_2025.csv.csv,,no analytics training rows for this make/model; only one dataset source; not supported by analytics base or Open EV merge path
BMW,iX M70 xDrive,,high,0,0,0,1,electric_vehicles_spec_2025.csv.csv,,no analytics training rows for this make/model; only one dataset source; not supported by analytics base or Open EV merge path
BMW,iX xDrive45,,high,0,0,0,1,electric_vehicles_spec_2025.csv.csv,,no analytics training rows for this make/model; only one dataset source; not supported by analytics base or Open EV merge path
BMW,iX xDrive60,,high,0,0,0,1,electric_vehicles_spec_2025.csv.csv,,no analytics training rows for this make/model; only one dataset source; not supported by analytics base or Open EV merge path
BMW,iX1,2023,high,0,0,1,1,open-ev-data-v1.24.0.csv,torque_nm,no analytics training rows for this make/model; only one dataset source; missing planner reference field: torque_nm
BMW,iX1,2024,high,0,0,1,1,open-ev-data-v1.24.0.csv,torque_nm,no analytics training rows for this make/model; only one dataset source; missing planner reference field: torque_nm
BMW,iX1,2025,high,0,0,1,1,open-ev-data-v1.24.0.csv,torque_nm,no analytics training rows for this make/model; only one dataset source; missing planner reference field: torque_nm
BMW,iX1 eDrive20,,high,0,0,0,1,electric_vehicles_spec_2025.csv.csv,,no analytics training rows for this make/model; only one dataset source; not supported by analytics base or Open EV merge path
BMW,iX1 xDrive30,,high,0,0,0,1,electric_vehicles_spec_2025.csv.csv,,no analytics training rows for this make/model; only one dataset source; not supported by analytics base or Open EV merge path
BMW,iX2,2024,high,0,0,1,1,open-ev-data-v1.24.0.csv,torque_nm,no analytics training rows for this make/model; only one dataset source; missing planner reference field: torque_nm
BMW,iX2,2025,high,0,0,1,1,open-ev-data-v1.24.0.csv,torque_nm,no analytics training rows for this make/model; only one dataset source; missing planner reference field: torque_nm
BMW,iX2 eDrive20,,high,0,0,0,1,electric_vehicles_spec_2025.csv.csv,,no analytics training rows for this make/model; only one dataset source; not supported by analytics base or Open EV merge path
BMW,iX2 xDrive30,,high,0,0,0,1,electric_vehicles_spec_2025.csv.csv,,no analytics training rows for this make/model; only one dataset source; not supported by analytics base or Open EV merge path
BMW,iX3,2023,high,0,0,1,1,open-ev-data-v1.24.0.csv,torque_nm,no analytics training rows for this make/model; only one dataset source; missing planner reference field: torque_nm
BMW,iX3,2024,high,0,0,1,1,open-ev-data-v1.24.0.csv,torque_nm,no analytics training rows for this make/model; only one dataset source; missing planner reference field: torque_nm
BYD,ATTO 2,,high,0,0,0,1,electric_vehicles_spec_2025.csv.csv,,no analytics training rows for this make/model; only one dataset source; not supported by analytics base or Open EV merge path
BYD,ATTO 3 (MY25),,high,0,0,0,1,electric_vehicles_spec_2025.csv.csv,,no analytics training rows for this make/model; only one dataset source; not supported by analytics base or Open EV merge path
BYD,DOLPHIN 44.9 kWh Active,,high,0,0,0,1,electric_vehicles_spec_2025.csv.csv,,no analytics training rows for this make/model; only one dataset source; not supported by analytics base or Open EV merge path
BYD,DOLPHIN 44.9 kWh Boost,,high,0,0,0,1,electric_vehicles_spec_2025.csv.csv,torque_nm,no analytics training rows for this make/model; only one dataset source; missing planner reference field: torque_nm; not supported by analytics base or Open EV merge path
BYD,DOLPHIN 60.4 kWh,,high,0,0,0,1,electric_vehicles_spec_2025.csv.csv,,no analytics training rows for this make/model; only one dataset source; not supported by analytics base or Open EV merge path
BYD,DOLPHIN SURF 30 kWh Active,,high,0,0,0,1,electric_vehicles_spec_2025.csv.csv,,no analytics training rows for this make/model; only one dataset source; not supported by analytics base or Open EV merge path
BYD,DOLPHIN SURF 43.2 kWh Boost,,high,0,0,0,1,electric_vehicles_spec_2025.csv.csv,,no analytics training rows for this make/model; only one dataset source; not supported by analytics base or Open EV merge path
BYD,DOLPHIN SURF 43.2 kWh Comfort,,high,0,0,0,1,electric_vehicles_spec_2025.csv.csv,,no analytics training rows for this make/model; only one dataset source; not supported by analytics base or Open EV merge path
BYD,Dolphin,2023,high,0,0,2,1,open-ev-data-v1.24.0.csv,torque_nm,no analytics training rows for this make/model; only one dataset source; missing planner reference field: torque_nm
BYD,Dolphin,2024,high,0,0,3,1,open-ev-data-v1.24.0.csv,torque_nm,no analytics training rows for this make/model; only one dataset source; missing planner reference field: torque_nm
BYD,Dolphin,2025,high,0,0,3,1,open-ev-data-v1.24.0.csv,torque_nm,no analytics training rows for this make/model; only one dataset source; missing planner reference field: torque_nm
BYD,Dolphin Mini,2023,high,0,0,2,1,open-ev-data-v1.24.0.csv,"efficiency_wh_per_km, torque_nm",no analytics training rows for this make/model; only one dataset source; multiple planner reference specs would fall back to defaults
BYD,Dolphin Mini,2024,high,0,0,3,1,open-ev-data-v1.24.0.csv,"efficiency_wh_per_km, torque_nm",no analytics training rows for this make/model; only one dataset source; multiple planner reference specs would fall back to defaults
BYD,Dolphin Mini,2025,high,0,0,3,1,open-ev-data-v1.24.0.csv,"efficiency_wh_per_km, torque_nm",no analytics training rows for this make/model; only one dataset source; multiple planner reference specs would fall back to defaults
BYD,Han,2023,high,0,0,1,1,open-ev-data-v1.24.0.csv,,no analytics training rows for this make/model; only one dataset source
BYD,Han,2024,high,0,0,1,1,open-ev-data-v1.24.0.csv,,no analytics training rows for this make/model; only one dataset source
BYD,Han,2025,high,0,0,1,1,open-ev-data-v1.24.0.csv,,no analytics training rows for this make/model; only one dataset source
BYD,King,2024,high,0,0,2,1,open-ev-data-v1.24.0.csv,,no analytics training rows for this make/model; only one dataset source
BYD,King,2025,high,0,0,2,1,open-ev-data-v1.24.0.csv,"efficiency_wh_per_km, maxChargingPower_kW",no analytics training rows for this make/model; only one dataset source; multiple planner reference specs would fall back to defaults
BYD,SEAL 61.4 kWh RWD Comfort,,high,0,0,0,1,electric_vehicles_spec_2025.csv.csv,,no analytics training rows for this make/model; only one dataset source; not supported by analytics base or Open EV merge path
BYD,SEAL 82.5 kWh AWD Excellence,,high,0,0,0,1,electric_vehicles_spec_2025.csv.csv,,no analytics training rows for this make/model; only one dataset source; not supported by analytics base or Open EV merge path
BYD,SEAL 82.5 kWh RWD Design,,high,0,0,0,1,electric_vehicles_spec_2025.csv.csv,,no analytics training rows for this make/model; only one dataset source; not supported by analytics base or Open EV merge path
BYD,SEAL U 71.8 kWh Comfort,,high,0,0,0,1,electric_vehicles_spec_2025.csv.csv,,no analytics training rows for this make/model; only one dataset source; not supported by analytics base or Open EV merge path
BYD,SEAL U 87 kWh Design,,high,0,0,0,1,electric_vehicles_spec_2025.csv.csv,,no analytics training rows for this make/model; only one dataset source; not supported by analytics base or Open EV merge path
BYD,SEALION 7 82.5 kWh AWD Design,,high,0,0,0,1,electric_vehicles_spec_2025.csv.csv,,no analytics training rows for this make/model; only one dataset source; not supported by analytics base or Open EV merge path
BYD,SEALION 7 82.5 kWh RWD Comfort,,high,0,0,0,1,electric_vehicles_spec_2025.csv.csv,,no analytics training rows for this make/model; only one dataset source; not supported by analytics base or Open EV merge path
BYD,SEALION 7 91.3 kWh AWD Excellence,,high,0,0,0,1,electric_vehicles_spec_2025.csv.csv,,no analytics training rows for this make/model; only one dataset source; not supported by analytics base or Open EV merge path
BYD,Seal,2023,high,0,0,3,1,open-ev-data-v1.24.0.csv,,no analytics training rows for this make/model; only one dataset source
BYD,Seal,2024,high,0,0,3,1,open-ev-data-v1.24.0.csv,,no analytics training rows for this make/model; only one dataset source
BYD,Seal,2025,high,0,0,3,1,open-ev-data-v1.24.0.csv,,no analytics training rows for this make/model; only one dataset source
BYD,Song Plus,2023,high,0,0,1,1,open-ev-data-v1.24.0.csv,,no analytics training rows for this make/model; only one dataset source
BYD,Song Plus,2024,high,0,0,1,1,open-ev-data-v1.24.0.csv,,no analytics training rows for this make/model; only one dataset source
BYD,Song Plus,2025,high,0,0,1,1,open-ev-data-v1.24.0.csv,,no analytics training rows for this make/model; only one dataset source
BYD,TANG Flagship,,high,0,0,0,1,electric_vehicles_spec_2025.csv.csv,,no analytics training rows for this make/model; only one dataset source; not supported by analytics base or Open EV merge path
BYD,Tang,2023,high,0,0,1,1,open-ev-data-v1.24.0.csv,,no analytics training rows for this make/model; only one dataset source
BYD,Tang,2024,high,0,0,1,1,open-ev-data-v1.24.0.csv,,no analytics training rows for this make/model; only one dataset source
BYD,Tang,2025,high,0,0,1,1,open-ev-data-v1.24.0.csv,,no analytics training rows for this make/model; only one dataset source
BYD,Yuan Plus,2023,high,0,0,2,1,open-ev-data-v1.24.0.csv,,no analytics training rows for this make/model; only one dataset source
BYD,Yuan Plus,2024,high,0,0,2,1,open-ev-data-v1.24.0.csv,,no analytics training rows for this make/model; only one dataset source
BYD,Yuan Plus,2025,high,0,0,2,1,open-ev-data-v1.24.0.csv,,no analytics training rows for this make/model; only one dataset source
BYD,Yuan Up,2024,high,0,0,1,1,open-ev-data-v1.24.0.csv,efficiency_wh_per_km,no analytics training rows for this make/model; only one dataset source; missing planner reference field: efficiency_wh_per_km
BYD,Yuan Up,2025,high,0,0,1,1,open-ev-data-v1.24.0.csv,efficiency_wh_per_km,no analytics training rows for this make/model; only one dataset source; missing planner reference field: efficiency_wh_per_km
CUPRA,Born 170 kW - 59 kWh,,high,0,0,0,1,electric_vehicles_spec_2025.csv.csv,,no analytics training rows for this make/model; only one dataset source; not supported by analytics base or Open EV merge path
CUPRA,Born 170 kW - 77 kWh,,high,0,0,0,1,electric_vehicles_spec_2025.csv.csv,,no analytics training rows for this make/model; only one dataset source; not supported by analytics base or Open EV merge path
CUPRA,Born VZ,,high,0,0,0,1,electric_vehicles_spec_2025.csv.csv,,no analytics training rows for this make/model; only one dataset source; not supported by analytics base or Open EV merge path
CUPRA,Tavascan Endurance,,high,0,0,0,1,electric_vehicles_spec_2025.csv.csv,,no analytics training rows for this make/model; only one dataset source; not supported by analytics base or Open EV merge path
CUPRA,Tavascan VZ,,high,0,0,0,1,electric_vehicles_spec_2025.csv.csv,,no analytics training rows for this make/model; only one dataset source; not supported by analytics base or Open EV merge path
Cadillac,Celestiq,2024,high,0,0,1,1,open-ev-data-v1.24.0.csv,,no analytics training rows for this make/model; only one dataset source
Cadillac,Celestiq,2025,high,0,0,1,1,open-ev-data-v1.24.0.csv,,no analytics training rows for this make/model; only one dataset source
Cadillac,Escalade IQ,2025,high,0,0,1,1,open-ev-data-v1.24.0.csv,,no analytics training rows for this make/model; only one dataset source
Cadillac,Lyriq,2023,high,0,0,2,1,open-ev-data-v1.24.0.csv,,no analytics training rows for this make/model; only one dataset source
Cadillac,Lyriq,2024,high,0,0,2,1,open-ev-data-v1.24.0.csv,,no analytics training rows for this make/model; only one dataset source
Cadillac,Lyriq,2025,high,0,0,2,1,open-ev-data-v1.24.0.csv,,no analytics training rows for this make/model; only one dataset source
Cadillac,Lyriq 600 E4,,high,0,0,0,1,electric_vehicles_spec_2025.csv.csv,,no analytics training rows for this make/model; only one dataset source; not supported by analytics base or Open EV merge path
Cadillac,Optiq,2025,high,0,0,2,1,open-ev-data-v1.24.0.csv,,no analytics training rows for this make/model; only one dataset source
Cadillac,Vistiq,2025,high,0,0,1,1,open-ev-data-v1.24.0.csv,,no analytics training rows for this make/model; only one dataset source
Changan,Deepal L07,2025,high,0,0,1,1,open-ev-data-v1.24.0.csv,efficiency_wh_per_km,no analytics training rows for this make/model; only one dataset source; missing planner reference field: efficiency_wh_per_km
Changan,Deepal S7,2023,high,0,0,1,1,open-ev-data-v1.24.0.csv,efficiency_wh_per_km,no analytics training rows for this make/model; only one dataset source; missing planner reference field: efficiency_wh_per_km
Changan,Deepal S7,2024,high,0,0,1,1,open-ev-data-v1.24.0.csv,efficiency_wh_per_km,no analytics training rows for this make/model; only one dataset source; missing planner reference field: efficiency_wh_per_km
Changan,Deepal S7,2025,high,0,0,1,1,open-ev-data-v1.24.0.csv,efficiency_wh_per_km,no analytics training rows for this make/model; only one dataset source; missing planner reference field: efficiency_wh_per_km
Changan,Deepal SL03,2023,high,0,0,1,1,open-ev-data-v1.24.0.csv,efficiency_wh_per_km,no analytics training rows for this make/model; only one dataset source; missing planner reference field: efficiency_wh_per_km
Changan,Deepal SL03,2024,high,0,0,1,1,open-ev-data-v1.24.0.csv,efficiency_wh_per_km,no analytics training rows for this make/model; only one dataset source; missing planner reference field: efficiency_wh_per_km
Changan,Deepal SL03,2025,high,0,0,1,1,open-ev-data-v1.24.0.csv,efficiency_wh_per_km,no analytics training rows for this make/model; only one dataset source; missing planner reference field: efficiency_wh_per_km
Changan,Lumin,2023,high,0,0,1,1,open-ev-data-v1.24.0.csv,"efficiency_wh_per_km, torque_nm",no analytics training rows for this make/model; only one dataset source; multiple planner reference specs would fall back to defaults
Changan,Lumin,2024,high,0,0,1,1,open-ev-data-v1.24.0.csv,"efficiency_wh_per_km, torque_nm",no analytics training rows for this make/model; only one dataset source; multiple planner reference specs would fall back to defaults
Changan,Lumin,2025,high,0,0,1,1,open-ev-data-v1.24.0.csv,"efficiency_wh_per_km, torque_nm",no analytics training rows for this make/model; only one dataset source; multiple planner reference specs would fall back to defaults
Changan,Nevo A06,2025,high,0,0,1,1,open-ev-data-v1.24.0.csv,"efficiency_wh_per_km, top_speed_kmh",no analytics training rows for this make/model; only one dataset source; multiple planner reference specs would fall back to defaults
Changan,Nevo A07,2023,high,0,0,2,1,open-ev-data-v1.24.0.csv,efficiency_wh_per_km,no analytics training rows for this make/model; only one dataset source; missing planner reference field: efficiency_wh_per_km
Changan,Nevo A07,2024,high,0,0,2,1,open-ev-data-v1.24.0.csv,efficiency_wh_per_km,no analytics training rows for this make/model; only one dataset source; missing planner reference field: efficiency_wh_per_km
Changan,Nevo A07,2025,high,0,0,2,1,open-ev-data-v1.24.0.csv,efficiency_wh_per_km,no analytics training rows for this make/model; only one dataset source; missing planner reference field: efficiency_wh_per_km
Changan,Nevo Q05,2025,high,0,0,1,1,open-ev-data-v1.24.0.csv,"efficiency_wh_per_km, top_speed_kmh, torque_nm",no analytics training rows for this make/model; only one dataset source; multiple planner reference specs would fall back to defaults
Chery,Exeed Sterra ES,2025,high,0,0,1,1,open-ev-data-v1.24.0.csv,"efficiency_wh_per_km, top_speed_kmh",no analytics training rows for this make/model; only one dataset source; multiple planner reference specs would fall back to defaults
Chery,Fulwin A9L,2025,high,0,0,1,1,open-ev-data-v1.24.0.csv,"efficiency_wh_per_km, top_speed_kmh",no analytics training rows for this make/model; only one dataset source; multiple planner reference specs would fall back to defaults
Chery,Fulwin T11,2025,high,0,0,2,1,open-ev-data-v1.24.0.csv,"efficiency_wh_per_km, top_speed_kmh",no analytics training rows for this make/model; only one dataset source; multiple planner reference specs would fall back to defaults
Chery,Jaecoo J7,2025,high,0,0,1,1,open-ev-data-v1.24.0.csv,"efficiency_wh_per_km, top_speed_kmh",no analytics training rows for this make/model; only one dataset source; multiple planner reference specs would fall back to defaults
Chery,Omoda 7,2024,high,0,0,1,1,open-ev-data-v1.24.0.csv,"efficiency_wh_per_km, top_speed_kmh",no analytics training rows for this make/model; only one dataset source; multiple planner reference specs would fall back to defaults
Chery,Omoda 7,2025,high,0,0,1,1,open-ev-data-v1.24.0.csv,"efficiency_wh_per_km, top_speed_kmh",no analytics training rows for this make/model; only one dataset source; multiple planner reference specs would fall back to defaults
Chery,Omoda E5,2024,high,0,0,1,1,open-ev-data-v1.24.0.csv,"efficiency_wh_per_km, top_speed_kmh",no analytics training rows for this make/model; only one dataset source; multiple planner reference specs would fall back to defaults
Chery,Omoda E5,2025,high,0,0,1,1,open-ev-data-v1.24.0.csv,"efficiency_wh_per_km, top_speed_kmh",no analytics training rows for this make/model; only one dataset source; multiple planner reference specs would fall back to defaults
Chery,QQ Domi,2025,high,0,0,2,1,open-ev-data-v1.24.0.csv,efficiency_wh_per_km,no analytics training rows for this make/model; only one dataset source; missing planner reference field: efficiency_wh_per_km
Chery,Tansuo 06,2023,high,0,0,1,1,open-ev-data-v1.24.0.csv,top_speed_kmh,no analytics training rows for this make/model; only one dataset source; missing planner reference field: top_speed_kmh
Chery,Tansuo 06,2024,high,0,0,1,1,open-ev-data-v1.24.0.csv,top_speed_kmh,no analytics training rows for this make/model; only one dataset source; missing planner reference field: top_speed_kmh
Chery,Tansuo 06,2025,high,0,0,1,1,open-ev-data-v1.24.0.csv,top_speed_kmh,no analytics training rows for this make/model; only one dataset source; missing planner reference field: top_speed_kmh
Chery,Tiggo 7 Pro PHEV,2025,high,0,0,1,1,open-ev-data-v1.24.0.csv,"efficiency_wh_per_km, top_speed_kmh",no analytics training rows for this make/model; only one dataset source; multiple planner reference specs would fall back to defaults
Chery,Tiggo 8 Pro PHEV,2024,high,0,0,1,1,open-ev-data-v1.24.0.csv,"efficiency_wh_per_km, top_speed_kmh",no analytics training rows for this make/model; only one dataset source; multiple planner reference specs would fall back to defaults
Chery,Tiggo 8 Pro PHEV,2025,high,0,0,1,1,open-ev-data-v1.24.0.csv,"efficiency_wh_per_km, top_speed_kmh",no analytics training rows for this make/model; only one dataset source; multiple planner reference specs would fall back to defaults
Chery,eQ7,2023,high,0,0,1,1,open-ev-data-v1.24.0.csv,"efficiency_wh_per_km, top_speed_kmh",no analytics training rows for this make/model; only one dataset source; multiple planner reference specs would fall back to defaults
Chery,eQ7,2024,high,0,0,1,1,open-ev-data-v1.24.0.csv,"efficiency_wh_per_km, top_speed_kmh",no analytics training rows for this make/model; only one dataset source; multiple planner reference specs would fall back to defaults
Chery,eQ7,2025,high,0,0,1,1,open-ev-data-v1.24.0.csv,"efficiency_wh_per_km, top_speed_kmh",no analytics training rows for this make/model; only one dataset source; multiple planner reference specs would fall back to defaults
Chery,iCar,2023,high,0,0,1,1,open-ev-data-v1.24.0.csv,efficiency_wh_per_km,no analytics training rows for this make/model; only one dataset source; missing planner reference field: efficiency_wh_per_km
Chery,iCar,2024,high,0,0,1,1,open-ev-data-v1.24.0.csv,efficiency_wh_per_km,no analytics training rows for this make/model; only one dataset source; missing planner reference field: efficiency_wh_per_km
Chevrolet,Blazer EV,2023,high,0,0,4,1,open-ev-data-v1.24.0.csv,top_speed_kmh,no analytics training rows for this make/model; only one dataset source; missing planner reference field: top_speed_kmh
Chevrolet,Blazer EV,2024,high,0,0,4,1,open-ev-data-v1.24.0.csv,top_speed_kmh,no analytics training rows for this make/model; only one dataset source; missing planner reference field: top_speed_kmh
Chevrolet,Blazer EV,2025,high,0,0,4,1,open-ev-data-v1.24.0.csv,top_speed_kmh,no analytics training rows for this make/model; only one dataset source; missing planner reference field: top_speed_kmh
Chevrolet,Captiva EV,2025,high,0,0,2,1,open-ev-data-v1.24.0.csv,"efficiency_wh_per_km, top_speed_kmh",no analytics training rows for this make/model; only one dataset source; multiple planner reference specs would fall back to defaults
Chevrolet,Equinox EV,2024,high,0,0,4,1,open-ev-data-v1.24.0.csv,top_speed_kmh,no analytics training rows for this make/model; only one dataset source; missing planner reference field: top_speed_kmh
Chevrolet,Equinox EV,2025,high,0,0,4,1,open-ev-data-v1.24.0.csv,top_speed_kmh,no analytics training rows for this make/model; only one dataset source; missing planner reference field: top_speed_kmh
Chevrolet,Silverado EV,2024,high,0,0,4,1,open-ev-data-v1.24.0.csv,top_speed_kmh,no analytics training rows for this make/model; only one dataset source; missing planner reference field: top_speed_kmh
Chevrolet,Silverado EV,2025,high,0,0,4,1,open-ev-data-v1.24.0.csv,top_speed_kmh,no analytics training rows for this make/model; only one dataset source; missing planner reference field: top_speed_kmh
Chevrolet,Spark EUV,2025,high,0,0,2,1,open-ev-data-v1.24.0.csv,"efficiency_wh_per_km, top_speed_kmh",no analytics training rows for this make/model; only one dataset source; multiple planner reference specs would fall back to defaults
Citroen,e-Berlingo M 50 kWh,,high,0,0,0,1,electric_vehicles_spec_2025.csv.csv,,no analytics training rows for this make/model; only one dataset source; not supported by analytics base or Open EV merge path
Citroen,e-Berlingo XL 50 kWh,,high,0,0,0,1,electric_vehicles_spec_2025.csv.csv,,no analytics training rows for this make/model; only one dataset source; not supported by analytics base or Open EV merge path
Citroen,e-C3,,high,0,0,0,1,electric_vehicles_spec_2025.csv.csv,,no analytics training rows for this make/model; only one dataset source; not supported by analytics base or Open EV merge path
Citroen,e-C3 Aircross,,high,0,0,0,1,electric_vehicles_spec_2025.csv.csv,,no analytics training rows for this make/model; only one dataset source; not supported by analytics base or Open EV merge path
Citroen,e-C4,,high,0,0,0,1,electric_vehicles_spec_2025.csv.csv,,no analytics training rows for this make/model; only one dataset source; not supported by analytics base or Open EV merge path
Citroen,e-C4 54 kWh,,high,0,0,0,1,electric_vehicles_spec_2025.csv.csv,,no analytics training rows for this make/model; only one dataset source; not supported by analytics base or Open EV merge path
Citroen,e-C4 X,,high,0,0,0,1,electric_vehicles_spec_2025.csv.csv,,no analytics training rows for this make/model; only one dataset source; not supported by analytics base or Open EV merge path
Citroen,e-C4 X 54 kWh,,high,0,0,0,1,electric_vehicles_spec_2025.csv.csv,,no analytics training rows for this make/model; only one dataset source; not supported by analytics base or Open EV merge path
Citroen,e-SpaceTourer M 50 kWh,,high,0,0,0,1,electric_vehicles_spec_2025.csv.csv,,no analytics training rows for this make/model; only one dataset source; not supported by analytics base or Open EV merge path
Citroen,e-SpaceTourer M 75 kWh,,high,0,0,0,1,electric_vehicles_spec_2025.csv.csv,,no analytics training rows for this make/model; only one dataset source; not supported by analytics base or Open EV merge path
Citroen,e-SpaceTourer XL 50 kWh,,high,0,0,0,1,electric_vehicles_spec_2025.csv.csv,,no analytics training rows for this make/model; only one dataset source; not supported by analytics base or Open EV merge path
Citroen,e-SpaceTourer XL 75 kWh,,high,0,0,0,1,electric_vehicles_spec_2025.csv.csv,,no analytics training rows for this make/model; only one dataset source; not supported by analytics base or Open EV merge path
Citroën,ë-Berlingo,2023,high,0,0,1,1,open-ev-data-v1.24.0.csv,,no analytics training rows for this make/model; only one dataset source
Citroën,ë-Berlingo,2024,high,0,0,1,1,open-ev-data-v1.24.0.csv,,no analytics training rows for this make/model; only one dataset source
Citroën,ë-Berlingo,2025,high,0,0,1,1,open-ev-data-v1.24.0.csv,,no analytics training rows for this make/model; only one dataset source
Citroën,ë-C3,2024,high,0,0,1,1,open-ev-data-v1.24.0.csv,,no analytics training rows for this make/model; only one dataset source
Citroën,ë-C3,2025,high,0,0,2,1,open-ev-data-v1.24.0.csv,,no analytics training rows for this make/model; only one dataset source
Citroën,ë-C4,2023,high,0,0,1,1,open-ev-data-v1.24.0.csv,,no analytics training rows for this make/model; only one dataset source
Citroën,ë-C4,2024,high,0,0,1,1,open-ev-data-v1.24.0.csv,,no analytics training rows for this make/model; only one dataset source
Citroën,ë-C4,2025,high,0,0,1,1,open-ev-data-v1.24.0.csv,,no analytics training rows for this make/model; only one dataset source
Citroën,ë-C4 X,2023,high,0,0,1,1,open-ev-data-v1.24.0.csv,,no analytics training rows for this make/model; only one dataset source
Citroën,ë-C4 X,2024,high,0,0,1,1,open-ev-data-v1.24.0.csv,,no analytics training rows for this make/model; only one dataset source
Citroën,ë-C4 X,2025,high,0,0,1,1,open-ev-data-v1.24.0.csv,,no analytics training rows for this make/model; only one dataset source
Citroën,ë-Jumpy,2023,high,0,0,1,1,open-ev-data-v1.24.0.csv,,no analytics training rows for this make/model; only one dataset source
Citroën,ë-Jumpy,2024,high,0,0,1,1,open-ev-data-v1.24.0.csv,,no analytics training rows for this make/model; only one dataset source
Citroën,ë-Jumpy,2025,high,0,0,1,1,open-ev-data-v1.24.0.csv,,no analytics training rows for this make/model; only one dataset source
Citroën,ë-Spacetourer,2023,high,0,0,1,1,open-ev-data-v1.24.0.csv,,no analytics training rows for this make/model; only one dataset source
Citroën,ë-Spacetourer,2024,high,0,0,1,1,open-ev-data-v1.24.0.csv,,no analytics training rows for this make/model; only one dataset source
Citroën,ë-Spacetourer,2025,high,0,0,1,1,open-ev-data-v1.24.0.csv,,no analytics training rows for this make/model; only one dataset source
Cupra,Born,2023,high,0,0,2,1,open-ev-data-v1.24.0.csv,,no analytics training rows for this make/model; only one dataset source
Cupra,Born,2024,high,0,0,2,1,open-ev-data-v1.24.0.csv,,no analytics training rows for this make/model; only one dataset source
Cupra,Born,2025,high,0,0,2,1,open-ev-data-v1.24.0.csv,,no analytics training rows for this make/model; only one dataset source
Cupra,Raval,2025,high,0,0,2,1,open-ev-data-v1.24.0.csv,,no analytics training rows for this make/model; only one dataset source
Cupra,Tavascan,2024,high,0,0,2,1,open-ev-data-v1.24.0.csv,,no analytics training rows for this make/model; only one dataset source
Cupra,Tavascan,2025,high,0,0,2,1,open-ev-data-v1.24.0.csv,,no analytics training rows for this make/model; only one dataset source
DS,3 E-Tense,,high,0,0,0,1,electric_vehicles_spec_2025.csv.csv,,no analytics training rows for this make/model; only one dataset source; not supported by analytics base or Open EV merge path
DS,N°4 E-Tense,,high,0,0,0,1,electric_vehicles_spec_2025.csv.csv,,no analytics training rows for this make/model; only one dataset source; not supported by analytics base or Open EV merge path
DS,N°8 AWD Long Range,,high,0,0,0,1,electric_vehicles_spec_2025.csv.csv,,no analytics training rows for this make/model; only one dataset source; not supported by analytics base or Open EV merge path
DS,N°8 FWD,,high,0,0,0,1,electric_vehicles_spec_2025.csv.csv,,no analytics training rows for this make/model; only one dataset source; not supported by analytics base or Open EV merge path
DS,N°8 FWD Long Range,,high,0,0,0,1,electric_vehicles_spec_2025.csv.csv,,no analytics training rows for this make/model; only one dataset source; not supported by analytics base or Open EV merge path
DS Automobiles,DS 3 E-Tense,2023,high,0,0,1,1,open-ev-data-v1.24.0.csv,"top_speed_kmh, torque_nm",no analytics training rows for this make/model; only one dataset source; multiple planner reference specs would fall back to defaults
DS Automobiles,DS 3 E-Tense,2024,high,0,0,1,1,open-ev-data-v1.24.0.csv,"top_speed_kmh, torque_nm",no analytics training rows for this make/model; only one dataset source; multiple planner reference specs would fall back to defaults
DS Automobiles,DS 3 E-Tense,2025,high,0,0,1,1,open-ev-data-v1.24.0.csv,"top_speed_kmh, torque_nm",no analytics training rows for this make/model; only one dataset source; multiple planner reference specs would fall back to defaults
DS Automobiles,DS 4 E-Tense,2023,high,0,0,1,1,open-ev-data-v1.24.0.csv,"top_speed_kmh, torque_nm",no analytics training rows for this make/model; only one dataset source; multiple planner reference specs would fall back to defaults
DS Automobiles,DS 4 E-Tense,2024,high,0,0,1,1,open-ev-data-v1.24.0.csv,"top_speed_kmh, torque_nm",no analytics training rows for this make/model; only one dataset source; multiple planner reference specs would fall back to defaults
DS Automobiles,DS 4 E-Tense,2025,high,0,0,1,1,open-ev-data-v1.24.0.csv,"top_speed_kmh, torque_nm",no analytics training rows for this make/model; only one dataset source; multiple planner reference specs would fall back to defaults
Dacia,Spring,2023,high,0,0,3,1,open-ev-data-v1.24.0.csv,,no analytics training rows for this make/model; only one dataset source
Dacia,Spring,2024,high,0,0,3,1,open-ev-data-v1.24.0.csv,,no analytics training rows for this make/model; only one dataset source
Dacia,Spring,2025,high,0,0,3,1,open-ev-data-v1.24.0.csv,,no analytics training rows for this make/model; only one dataset source
Dacia,Spring Electric 45,,high,0,0,0,1,electric_vehicles_spec_2025.csv.csv,,no analytics training rows for this make/model; only one dataset source; not supported by analytics base or Open EV merge path
Dacia,Spring Electric 65,,high,0,0,0,1,electric_vehicles_spec_2025.csv.csv,,no analytics training rows for this make/model; only one dataset source; not supported by analytics base or Open EV merge path
Dongfeng,Box 31.4 kWh,,high,0,0,0,1,electric_vehicles_spec_2025.csv.csv,,no analytics training rows for this make/model; only one dataset source; not supported by analytics base or Open EV merge path
Dongfeng,Box 42.3 kWh,,high,0,0,0,1,electric_vehicles_spec_2025.csv.csv,,no analytics training rows for this make/model; only one dataset source; not supported by analytics base or Open EV merge path
Dongfeng,eπ 007,2023,high,0,0,1,1,open-ev-data-v1.24.0.csv,efficiency_wh_per_km,no analytics training rows for this make/model; only one dataset source; missing planner reference field: efficiency_wh_per_km
Dongfeng,eπ 007,2024,high,0,0,1,1,open-ev-data-v1.24.0.csv,efficiency_wh_per_km,no analytics training rows for this make/model; only one dataset source; missing planner reference field: efficiency_wh_per_km
Dongfeng,eπ 007,2025,high,0,0,1,1,open-ev-data-v1.24.0.csv,efficiency_wh_per_km,no analytics training rows for this make/model; only one dataset source; missing planner reference field: efficiency_wh_per_km
Dongfeng,eπ 008,2023,high,0,0,1,1,open-ev-data-v1.24.0.csv,efficiency_wh_per_km,no analytics training rows for this make/model; only one dataset source; missing planner reference field: efficiency_wh_per_km
Dongfeng,eπ 008,2024,high,0,0,1,1,open-ev-data-v1.24.0.csv,efficiency_wh_per_km,no analytics training rows for this make/model; only one dataset source; missing planner reference field: efficiency_wh_per_km
Dongfeng,eπ 008,2025,high,0,0,1,1,open-ev-data-v1.24.0.csv,efficiency_wh_per_km,no analytics training rows for this make/model; only one dataset source; missing planner reference field: efficiency_wh_per_km
Elaris,BEO 86 kWh,,high,0,0,0,1,electric_vehicles_spec_2025.csv.csv,,no analytics training rows for this make/model; only one dataset source; not supported by analytics base or Open EV merge path
FangChengBao,Bao 5,2023,high,0,0,1,1,open-ev-data-v1.24.0.csv,"efficiency_wh_per_km, top_speed_kmh, torque_nm",no analytics training rows for this make/model; only one dataset source; multiple planner reference specs would fall back to defaults
FangChengBao,Bao 5,2024,high,0,0,1,1,open-ev-data-v1.24.0.csv,"efficiency_wh_per_km, top_speed_kmh, torque_nm",no analytics training rows for this make/model; only one dataset source; multiple planner reference specs would fall back to defaults
FangChengBao,Bao 5,2025,high,0,0,1,1,open-ev-data-v1.24.0.csv,"efficiency_wh_per_km, top_speed_kmh, torque_nm",no analytics training rows for this make/model; only one dataset source; multiple planner reference specs would fall back to defaults
FangChengBao,Tai 3,2025,high,0,0,2,1,open-ev-data-v1.24.0.csv,efficiency_wh_per_km,no analytics training rows for this make/model; only one dataset source; missing planner reference field: efficiency_wh_per_km
Faraday Future,FF 91,2023,high,0,0,1,1,open-ev-data-v1.24.0.csv,,no analytics training rows for this make/model; only one dataset source
Faraday Future,FF 91,2024,high,0,0,1,1,open-ev-data-v1.24.0.csv,,no analytics training rows for this make/model; only one dataset source
Faraday Future,FF 91,2025,high,0,0,1,1,open-ev-data-v1.24.0.csv,,no analytics training rows for this make/model; only one dataset source
Ferrari,296 GTB,2023,high,0,0,1,1,open-ev-data-v1.24.0.csv,"top_speed_kmh, maxChargingPower_kW",no analytics training rows for this make/model; only one dataset source; multiple planner reference specs would fall back to defaults
Ferrari,296 GTB,2024,high,0,0,1,1,open-ev-data-v1.24.0.csv,"top_speed_kmh, maxChargingPower_kW",no analytics training rows for this make/model; only one dataset source; multiple planner reference specs would fall back to defaults
Ferrari,296 GTB,2025,high,0,0,1,1,open-ev-data-v1.24.0.csv,"top_speed_kmh, maxChargingPower_kW",no analytics training rows for this make/model; only one dataset source; multiple planner reference specs would fall back to defaults
Ferrari,SF90 Spider,2023,high,0,0,1,1,open-ev-data-v1.24.0.csv,"top_speed_kmh, maxChargingPower_kW",no analytics training rows for this make/model; only one dataset source; multiple planner reference specs would fall back to defaults
Ferrari,SF90 Spider,2024,high,0,0,1,1,open-ev-data-v1.24.0.csv,"top_speed_kmh, maxChargingPower_kW",no analytics training rows for this make/model; only one dataset source; multiple planner reference specs would fall back to defaults
Ferrari,SF90 Spider,2025,high,0,0,1,1,open-ev-data-v1.24.0.csv,"top_speed_kmh, maxChargingPower_kW",no analytics training rows for this make/model; only one dataset source; multiple planner reference specs would fall back to defaults
Ferrari,SF90 Stradale,2023,high,0,0,1,1,open-ev-data-v1.24.0.csv,"top_speed_kmh, maxChargingPower_kW",no analytics training rows for this make/model; only one dataset source; multiple planner reference specs would fall back to defaults
Ferrari,SF90 Stradale,2024,high,0,0,1,1,open-ev-data-v1.24.0.csv,"top_speed_kmh, maxChargingPower_kW",no analytics training rows for this make/model; only one dataset source; multiple planner reference specs would fall back to defaults
Ferrari,SF90 Stradale,2025,high,0,0,1,1,open-ev-data-v1.24.0.csv,"top_speed_kmh, maxChargingPower_kW",no analytics training rows for this make/model; only one dataset source; multiple planner reference specs would fall back to defaults
Fiat,500e,2023,high,0,0,4,1,open-ev-data-v1.24.0.csv,,no analytics training rows for this make/model; only one dataset source
Fiat,500e,2024,high,0,0,4,1,open-ev-data-v1.24.0.csv,,no analytics training rows for this make/model; only one dataset source
Fiat,500e,2025,high,0,0,4,1,open-ev-data-v1.24.0.csv,,no analytics training rows for this make/model; only one dataset source
Fiat,500e 3+1 24 kWh,,high,0,0,0,1,electric_vehicles_spec_2025.csv.csv,,no analytics training rows for this make/model; only one dataset source; not supported by analytics base or Open EV merge path
Fiat,500e 3+1 42 kWh,,high,0,0,0,1,electric_vehicles_spec_2025.csv.csv,,no analytics training rows for this make/model; only one dataset source; not supported by analytics base or Open EV merge path
Fiat,500e Cabrio 24 kWh,,high,0,0,0,1,electric_vehicles_spec_2025.csv.csv,,no analytics training rows for this make/model; only one dataset source; not supported by analytics base or Open EV merge path
Fiat,500e Cabrio 42 kWh,,high,0,0,0,1,electric_vehicles_spec_2025.csv.csv,,no analytics training rows for this make/model; only one dataset source; not supported by analytics base or Open EV merge path
Fiat,500e Hatchback 24 kWh,,high,0,0,0,1,electric_vehicles_spec_2025.csv.csv,,no analytics training rows for this make/model; only one dataset source; not supported by analytics base or Open EV merge path
Fiat,500e Hatchback 42 kWh,,high,0,0,0,1,electric_vehicles_spec_2025.csv.csv,,no analytics training rows for this make/model; only one dataset source; not supported by analytics base or Open EV merge path
Fiat,600e,,high,0,0,0,1,electric_vehicles_spec_2025.csv.csv,,no analytics training rows for this make/model; only one dataset source; not supported by analytics base or Open EV merge path
Fiat,600e,2023,high,0,0,3,1,open-ev-data-v1.24.0.csv,,no analytics training rows for this make/model; only one dataset source
Fiat,600e,2024,high,0,0,3,1,open-ev-data-v1.24.0.csv,,no analytics training rows for this make/model; only one dataset source
Fiat,600e,2025,high,0,0,3,1,open-ev-data-v1.24.0.csv,,no analytics training rows for this make/model; only one dataset source
Fiat,Grande Panda,,high,0,0,0,1,electric_vehicles_spec_2025.csv.csv,,no analytics training rows for this make/model; only one dataset source; not supported by analytics base or Open EV merge path
Fiat,Topolino,2023,high,0,0,1,1,open-ev-data-v1.24.0.csv,maxChargingPower_kW,no analytics training rows for this make/model; only one dataset source; missing planner reference field: maxChargingPower_kW
Fiat,Topolino,2024,high,0,0,1,1,open-ev-data-v1.24.0.csv,maxChargingPower_kW,no analytics training rows for this make/model; only one dataset source; missing planner reference field: maxChargingPower_kW
Fiat,Topolino,2025,high,0,0,1,1,open-ev-data-v1.24.0.csv,maxChargingPower_kW,no analytics training rows for this make/model; only one dataset source; missing planner reference field: maxChargingPower_kW
Ford,Capri EV,2024,high,0,0,1,1,open-ev-data-v1.24.0.csv,,no analytics training rows for this make/model; only one dataset source
Ford,Capri EV,2025,high,0,0,1,1,open-ev-data-v1.24.0.csv,,no analytics training rows for this make/model; only one dataset source
Ford,Capri Extended Range AWD,,high,0,0,0,1,electric_vehicles_spec_2025.csv.csv,,no analytics training rows for this make/model; only one dataset source; not supported by analytics base or Open EV merge path
Ford,Capri Extended Range RWD,,high,0,0,0,1,electric_vehicles_spec_2025.csv.csv,,no analytics training rows for this make/model; only one dataset source; not supported by analytics base or Open EV merge path
Ford,Capri Standard Range RWD,,high,0,0,0,1,electric_vehicles_spec_2025.csv.csv,,no analytics training rows for this make/model; only one dataset source; not supported by analytics base or Open EV merge path
Ford,E-Tourneo Courier,2025,high,0,0,1,1,open-ev-data-v1.24.0.csv,,no analytics training rows for this make/model; only one dataset source
Ford,E-Transit,2023,high,0,0,1,1,open-ev-data-v1.24.0.csv,,no analytics training rows for this make/model; only one dataset source
Ford,E-Transit,2024,high,0,0,1,1,open-ev-data-v1.24.0.csv,,no analytics training rows for this make/model; only one dataset source
Ford,E-Transit,2025,high,0,0,1,1,open-ev-data-v1.24.0.csv,,no analytics training rows for this make/model; only one dataset source
Ford,E-Transit Courier,2025,high,0,0,1,1,open-ev-data-v1.24.0.csv,,no analytics training rows for this make/model; only one dataset source
Ford,Explorer EV,2024,high,0,0,1,1,open-ev-data-v1.24.0.csv,,no analytics training rows for this make/model; only one dataset source
Ford,Explorer EV,2025,high,0,0,1,1,open-ev-data-v1.24.0.csv,,no analytics training rows for this make/model; only one dataset source
Ford,Explorer Extended Range AWD,,high,0,0,0,1,electric_vehicles_spec_2025.csv.csv,,no analytics training rows for this make/model; only one dataset source; not supported by analytics base or Open EV merge path
Ford,Explorer Extended Range RWD,,high,0,0,0,1,electric_vehicles_spec_2025.csv.csv,,no analytics training rows for this make/model; only one dataset source; not supported by analytics base or Open EV merge path
Ford,Explorer Standard Range RWD,,high,0,0,0,1,electric_vehicles_spec_2025.csv.csv,,no analytics training rows for this make/model; only one dataset source; not supported by analytics base or Open EV merge path
Ford,Mustang Mach-E ER AWD (MY24),,high,0,0,0,1,electric_vehicles_spec_2025.csv.csv,,no analytics training rows for this make/model; only one dataset source; not supported by analytics base or Open EV merge path
Ford,Mustang Mach-E ER AWD (MY25),,high,0,0,0,1,electric_vehicles_spec_2025.csv.csv,,no analytics training rows for this make/model; only one dataset source; not supported by analytics base or Open EV merge path
Ford,Mustang Mach-E ER RWD (MY24),,high,0,0,0,1,electric_vehicles_spec_2025.csv.csv,,no analytics training rows for this make/model; only one dataset source; not supported by analytics base or Open EV merge path
Ford,Mustang Mach-E ER RWD (MY25),,high,0,0,0,1,electric_vehicles_spec_2025.csv.csv,,no analytics training rows for this make/model; only one dataset source; not supported by analytics base or Open EV merge path
Ford,Mustang Mach-E GT (MY24),,high,0,0,0,1,electric_vehicles_spec_2025.csv.csv,,no analytics training rows for this make/model; only one dataset source; not supported by analytics base or Open EV merge path
Ford,Mustang Mach-E GT (MY25),,high,0,0,0,1,electric_vehicles_spec_2025.csv.csv,,no analytics training rows for this make/model; only one dataset source; not supported by analytics base or Open EV merge path
Ford,Mustang Mach-E Rally (MY24),,high,0,0,0,1,electric_vehicles_spec_2025.csv.csv,,no analytics training rows for this make/model; only one dataset source; not supported by analytics base or Open EV merge path
Ford,Mustang Mach-E Rally (MY25),,high,0,0,0,1,electric_vehicles_spec_2025.csv.csv,,no analytics training rows for this make/model; only one dataset source; not supported by analytics base or Open EV merge path
Ford,Mustang Mach-E SR RWD (MY24),,high,0,0,0,1,electric_vehicles_spec_2025.csv.csv,,no analytics training rows for this make/model; only one dataset source; not supported by analytics base or Open EV merge path
Ford,Mustang Mach-E SR RWD (MY25),,high,0,0,0,1,electric_vehicles_spec_2025.csv.csv,,no analytics training rows for this make/model; only one dataset source; not supported by analytics base or Open EV merge path
Ford,Puma Gen-E,,high,0,0,0,1,electric_vehicles_spec_2025.csv.csv,,no analytics training rows for this make/model; only one dataset source; not supported by analytics base or Open EV merge path
Ford,Puma Gen-E,2024,high,0,0,1,1,open-ev-data-v1.24.0.csv,,no analytics training rows for this make/model; only one dataset source
Ford,Puma Gen-E,2025,high,0,0,1,1,open-ev-data-v1.24.0.csv,,no analytics training rows for this make/model; only one dataset source
Ford,e-Tourneo Courier,,high,0,0,0,1,electric_vehicles_spec_2025.csv.csv,,no analytics training rows for this make/model; only one dataset source; not supported by analytics base or Open EV merge path
Ford,e-Tourneo Custom L1 160 kW,,high,0,0,0,1,electric_vehicles_spec_2025.csv.csv,,no analytics training rows for this make/model; only one dataset source; not supported by analytics base or Open EV merge path
Ford,e-Tourneo Custom L1 210 kW,,high,0,0,0,1,electric_vehicles_spec_2025.csv.csv,,no analytics training rows for this make/model; only one dataset source; not supported by analytics base or Open EV merge path
Ford,e-Tourneo Custom L2 160 kW,,high,0,0,0,1,electric_vehicles_spec_2025.csv.csv,,no analytics training rows for this make/model; only one dataset source; not supported by analytics base or Open EV merge path
Ford,e-Tourneo Custom L2 210 kW,,high,0,0,0,1,electric_vehicles_spec_2025.csv.csv,,no analytics training rows for this make/model; only one dataset source; not supported by analytics base or Open EV merge path
GAC Aion,Aion ES,2024,high,0,0,1,1,open-ev-data-v1.24.0.csv,,no analytics training rows for this make/model; only one dataset source
GAC Aion,Aion ES,2025,high,0,0,1,1,open-ev-data-v1.24.0.csv,,no analytics training rows for this make/model; only one dataset source
GAC Aion,Aion RT,2024,high,0,0,2,1,open-ev-data-v1.24.0.csv,"efficiency_wh_per_km, top_speed_kmh, torque_nm",no analytics training rows for this make/model; only one dataset source; multiple planner reference specs would fall back to defaults
GAC Aion,Aion RT,2025,high,0,0,2,1,open-ev-data-v1.24.0.csv,"efficiency_wh_per_km, top_speed_kmh, torque_nm",no analytics training rows for this make/model; only one dataset source; multiple planner reference specs would fall back to defaults
GAC Aion,Aion V,2023,high,0,0,2,1,open-ev-data-v1.24.0.csv,efficiency_wh_per_km,no analytics training rows for this make/model; only one dataset source; missing planner reference field: efficiency_wh_per_km
GAC Aion,Aion V,2024,high,0,0,2,1,open-ev-data-v1.24.0.csv,,no analytics training rows for this make/model; only one dataset source
GAC Aion,Aion V,2025,high,0,0,2,1,open-ev-data-v1.24.0.csv,,no analytics training rows for this make/model; only one dataset source
GAC Aion,Aion Y,2023,high,0,0,3,1,open-ev-data-v1.24.0.csv,efficiency_wh_per_km,no analytics training rows for this make/model; only one dataset source; missing planner reference field: efficiency_wh_per_km
GAC Aion,Aion Y,2024,high,0,0,3,1,open-ev-data-v1.24.0.csv,,no analytics training rows for this make/model; only one dataset source
GAC Aion,Aion Y,2025,high,0,0,3,1,open-ev-data-v1.24.0.csv,,no analytics training rows for this make/model; only one dataset source
GAC Aion,Hyper GT,2023,high,0,0,2,1,open-ev-data-v1.24.0.csv,efficiency_wh_per_km,no analytics training rows for this make/model; only one dataset source; missing planner reference field: efficiency_wh_per_km
GAC Aion,Hyper GT,2024,high,0,0,2,1,open-ev-data-v1.24.0.csv,efficiency_wh_per_km,no analytics training rows for this make/model; only one dataset source; missing planner reference field: efficiency_wh_per_km
GAC Aion,Hyper GT,2025,high,0,0,2,1,open-ev-data-v1.24.0.csv,efficiency_wh_per_km,no analytics training rows for this make/model; only one dataset source; missing planner reference field: efficiency_wh_per_km
GAC Aion,Hyptec HL,2025,high,0,0,1,1,open-ev-data-v1.24.0.csv,"efficiency_wh_per_km, top_speed_kmh, torque_nm",no analytics training rows for this make/model; only one dataset source; multiple planner reference specs would fall back to defaults
GAC Aion,Hyptec HT,2025,high,0,0,3,1,open-ev-data-v1.24.0.csv,efficiency_wh_per_km,no analytics training rows for this make/model; only one dataset source; missing planner reference field: efficiency_wh_per_km
GWM,Haval H6 GT,2023,high,0,0,1,1,open-ev-data-v1.24.0.csv,efficiency_wh_per_km,no analytics training rows for this make/model; only one dataset source; missing planner reference field: efficiency_wh_per_km
GWM,Haval H6 GT,2024,high,0,0,1,1,open-ev-data-v1.24.0.csv,efficiency_wh_per_km,no analytics training rows for this make/model; only one dataset source; missing planner reference field: efficiency_wh_per_km
GWM,Haval H6 GT,2025,high,0,0,1,1,open-ev-data-v1.24.0.csv,efficiency_wh_per_km,no analytics training rows for this make/model; only one dataset source; missing planner reference field: efficiency_wh_per_km
GWM,Haval H6 PHEV19,2025,high,0,0,1,1,open-ev-data-v1.24.0.csv,"efficiency_wh_per_km, maxChargingPower_kW",no analytics training rows for this make/model; only one dataset source; multiple planner reference specs would fall back to defaults
GWM,Haval H6 PHEV34,2023,high,0,0,1,1,open-ev-data-v1.24.0.csv,efficiency_wh_per_km,no analytics training rows for this make/model; only one dataset source; missing planner reference field: efficiency_wh_per_km
GWM,Haval H6 PHEV34,2024,high,0,0,1,1,open-ev-data-v1.24.0.csv,efficiency_wh_per_km,no analytics training rows for this make/model; only one dataset source; missing planner reference field: efficiency_wh_per_km
GWM,Haval H6 PHEV34,2025,high,0,0,1,1,open-ev-data-v1.24.0.csv,efficiency_wh_per_km,no analytics training rows for this make/model; only one dataset source; missing planner reference field: efficiency_wh_per_km
GWM,ORA 03 48 kWh,,high,0,0,0,1,electric_vehicles_spec_2025.csv.csv,,no analytics training rows for this make/model; only one dataset source; not supported by analytics base or Open EV merge path
GWM,ORA 03 63 kWh,,high,0,0,0,1,electric_vehicles_spec_2025.csv.csv,,no analytics training rows for this make/model; only one dataset source; not supported by analytics base or Open EV merge path
GWM,ORA 03 GT,,high,0,0,0,1,electric_vehicles_spec_2025.csv.csv,,no analytics training rows for this make/model; only one dataset source; not supported by analytics base or Open EV merge path
GWM,ORA 03 GT,2023,high,0,0,1,1,open-ev-data-v1.24.0.csv,efficiency_wh_per_km,no analytics training rows for this make/model; only one dataset source; missing planner reference field: efficiency_wh_per_km
GWM,ORA 03 GT,2024,high,0,0,1,1,open-ev-data-v1.24.0.csv,efficiency_wh_per_km,no analytics training rows for this make/model; only one dataset source; missing planner reference field: efficiency_wh_per_km
GWM,ORA 03 GT,2025,high,0,0,1,1,open-ev-data-v1.24.0.csv,efficiency_wh_per_km,no analytics training rows for this make/model; only one dataset source; missing planner reference field: efficiency_wh_per_km
GWM,ORA 03 Skin,2023,high,0,0,1,1,open-ev-data-v1.24.0.csv,efficiency_wh_per_km,no analytics training rows for this make/model; only one dataset source; missing planner reference field: efficiency_wh_per_km
GWM,ORA 03 Skin,2024,high,0,0,1,1,open-ev-data-v1.24.0.csv,efficiency_wh_per_km,no analytics training rows for this make/model; only one dataset source; missing planner reference field: efficiency_wh_per_km
GWM,ORA 03 Skin,2025,high,0,0,1,1,open-ev-data-v1.24.0.csv,efficiency_wh_per_km,no analytics training rows for this make/model; only one dataset source; missing planner reference field: efficiency_wh_per_km
GWM,ORA 07 GT,,high,0,0,0,1,electric_vehicles_spec_2025.csv.csv,,no analytics training rows for this make/model; only one dataset source; not supported by analytics base or Open EV merge path
GWM,ORA 07 Pro,,high,0,0,0,1,electric_vehicles_spec_2025.csv.csv,,no analytics training rows for this make/model; only one dataset source; not supported by analytics base or Open EV merge path
GWM,ORA 07 Pure,,high,0,0,0,1,electric_vehicles_spec_2025.csv.csv,,no analytics training rows for this make/model; only one dataset source; not supported by analytics base or Open EV merge path
Geely,EX2,2025,high,0,0,1,1,open-ev-data-v1.24.0.csv,efficiency_wh_per_km,no analytics training rows for this make/model; only one dataset source; missing planner reference field: efficiency_wh_per_km
Geely,EX5,2024,high,0,0,2,1,open-ev-data-v1.24.0.csv,efficiency_wh_per_km,no analytics training rows for this make/model; only one dataset source; missing planner reference field: efficiency_wh_per_km
Geely,EX5,2025,high,0,0,2,1,open-ev-data-v1.24.0.csv,efficiency_wh_per_km,no analytics training rows for this make/model; only one dataset source; missing planner reference field: efficiency_wh_per_km
Geely,Galaxy E8,2024,high,0,0,2,1,open-ev-data-v1.24.0.csv,efficiency_wh_per_km,no analytics training rows for this make/model; only one dataset source; missing planner reference field: efficiency_wh_per_km
Geely,Galaxy E8,2025,high,0,0,2,1,open-ev-data-v1.24.0.csv,efficiency_wh_per_km,no analytics training rows for this make/model; only one dataset source; missing planner reference field: efficiency_wh_per_km
Geely,Panda Mini,2023,high,0,0,2,1,open-ev-data-v1.24.0.csv,efficiency_wh_per_km,no analytics training rows for this make/model; only one dataset source; missing planner reference field: efficiency_wh_per_km
Geely,Panda Mini,2024,high,0,0,2,1,open-ev-data-v1.24.0.csv,efficiency_wh_per_km,no analytics training rows for this make/model; only one dataset source; missing planner reference field: efficiency_wh_per_km
Geely,Panda Mini,2025,high,0,0,2,1,open-ev-data-v1.24.0.csv,efficiency_wh_per_km,no analytics training rows for this make/model; only one dataset source; missing planner reference field: efficiency_wh_per_km
Geely,Xingyuan,2024,high,0,0,2,1,open-ev-data-v1.24.0.csv,efficiency_wh_per_km,no analytics training rows for this make/model; only one dataset source; missing planner reference field: efficiency_wh_per_km
Geely,Xingyuan,2025,high,0,0,2,1,open-ev-data-v1.24.0.csv,efficiency_wh_per_km,no analytics training rows for this make/model; only one dataset source; missing planner reference field: efficiency_wh_per_km
Genesis,Electrified G80,2023,high,0,0,1,1,open-ev-data-v1.24.0.csv,,no analytics training rows for this make/model; only one dataset source
Genesis,Electrified G80,2024,high,0,0,1,1,open-ev-data-v1.24.0.csv,,no analytics training rows for this make/model; only one dataset source
Genesis,Electrified G80,2025,high,0,0,1,1,open-ev-data-v1.24.0.csv,,no analytics training rows for this make/model; only one dataset source
Genesis,G80 Electrified Luxury,,high,0,0,0,1,electric_vehicles_spec_2025.csv.csv,,no analytics training rows for this make/model; only one dataset source; not supported by analytics base or Open EV merge path
Genesis,GV60,2023,high,0,0,3,1,open-ev-data-v1.24.0.csv,,no analytics training rows for this make/model; only one dataset source
Genesis,GV60,2024,high,0,0,3,1,open-ev-data-v1.24.0.csv,,no analytics training rows for this make/model; only one dataset source
Genesis,GV60,2025,high,0,0,3,1,open-ev-data-v1.24.0.csv,,no analytics training rows for this make/model; only one dataset source
Genesis,GV60 Premium,,high,0,0,0,1,electric_vehicles_spec_2025.csv.csv,,no analytics training rows for this make/model; only one dataset source; not supported by analytics base or Open EV merge path
Genesis,GV60 Sport,,high,0,0,0,1,electric_vehicles_spec_2025.csv.csv,,no analytics training rows for this make/model; only one dataset source; not supported by analytics base or Open EV merge path
Genesis,GV60 Sport Plus,,high,0,0,0,1,electric_vehicles_spec_2025.csv.csv,,no analytics training rows for this make/model; only one dataset source; not supported by analytics base or Open EV merge path
Genesis,GV70 Electrified,2024,high,0,0,1,1,open-ev-data-v1.24.0.csv,,no analytics training rows for this make/model; only one dataset source
Genesis,GV70 Electrified,2025,high,0,0,1,1,open-ev-data-v1.24.0.csv,,no analytics training rows for this make/model; only one dataset source
Genesis,GV70 Electrified Sport,,high,0,0,0,1,electric_vehicles_spec_2025.csv.csv,,no analytics training rows for this make/model; only one dataset source; not supported by analytics base or Open EV merge path
HiPhi,HiPhi X,2023,high,0,0,1,1,open-ev-data-v1.24.0.csv,"efficiency_wh_per_km, top_speed_kmh, torque_nm",no analytics training rows for this make/model; only one dataset source; multiple planner reference specs would fall back to defaults
HiPhi,HiPhi X,2024,high,0,0,1,1,open-ev-data-v1.24.0.csv,"efficiency_wh_per_km, top_speed_kmh, torque_nm",no analytics training rows for this make/model; only one dataset source; multiple planner reference specs would fall back to defaults
HiPhi,HiPhi X,2025,high,0,0,1,1,open-ev-data-v1.24.0.csv,"efficiency_wh_per_km, top_speed_kmh, torque_nm",no analytics training rows for this make/model; only one dataset source; multiple planner reference specs would fall back to defaults
HiPhi,HiPhi Z,2023,high,0,0,1,1,open-ev-data-v1.24.0.csv,"efficiency_wh_per_km, top_speed_kmh, torque_nm",no analytics training rows for this make/model; only one dataset source; multiple planner reference specs would fall back to defaults
HiPhi,HiPhi Z,2024,high,0,0,1,1,open-ev-data-v1.24.0.csv,"efficiency_wh_per_km, top_speed_kmh, torque_nm",no analytics training rows for this make/model; only one dataset source; multiple planner reference specs would fall back to defaults
HiPhi,HiPhi Z,2025,high,0,0,1,1,open-ev-data-v1.24.0.csv,"efficiency_wh_per_km, top_speed_kmh, torque_nm",no analytics training rows for this make/model; only one dataset source; multiple planner reference specs would fall back to defaults
Honda,Prologue,2024,high,0,0,2,1,open-ev-data-v1.24.0.csv,,no analytics training rows for this make/model; only one dataset source
Honda,Prologue,2025,high,0,0,2,1,open-ev-data-v1.24.0.csv,,no analytics training rows for this make/model; only one dataset source
Honda,e:NP2,2024,high,0,0,1,1,open-ev-data-v1.24.0.csv,efficiency_wh_per_km,no analytics training rows for this make/model; only one dataset source; missing planner reference field: efficiency_wh_per_km
Honda,e:NP2,2025,high,0,0,1,1,open-ev-data-v1.24.0.csv,efficiency_wh_per_km,no analytics training rows for this make/model; only one dataset source; missing planner reference field: efficiency_wh_per_km
Honda,e:NS2,2024,high,0,0,1,1,open-ev-data-v1.24.0.csv,efficiency_wh_per_km,no analytics training rows for this make/model; only one dataset source; missing planner reference field: efficiency_wh_per_km
Honda,e:NS2,2025,high,0,0,1,1,open-ev-data-v1.24.0.csv,efficiency_wh_per_km,no analytics training rows for this make/model; only one dataset source; missing planner reference field: efficiency_wh_per_km
Honda,e:Ny1,,high,0,0,0,1,electric_vehicles_spec_2025.csv.csv,,no analytics training rows for this make/model; only one dataset source; not supported by analytics base or Open EV merge path
Hongqi,E-HS9,2023,high,0,0,1,1,open-ev-data-v1.24.0.csv,"efficiency_wh_per_km, top_speed_kmh, torque_nm",no analytics training rows for this make/model; only one dataset source; multiple planner reference specs would fall back to defaults
Hongqi,E-HS9,2024,high,0,0,1,1,open-ev-data-v1.24.0.csv,"efficiency_wh_per_km, top_speed_kmh, torque_nm",no analytics training rows for this make/model; only one dataset source; multiple planner reference specs would fall back to defaults
Hongqi,E-HS9,2025,high,0,0,1,1,open-ev-data-v1.24.0.csv,"efficiency_wh_per_km, top_speed_kmh, torque_nm",no analytics training rows for this make/model; only one dataset source; multiple planner reference specs would fall back to defaults
Hongqi,E-HS9 120 kWh,,high,0,0,0,1,electric_vehicles_spec_2025.csv.csv,,no analytics training rows for this make/model; only one dataset source; not supported by analytics base or Open EV merge path
Hongqi,E-HS9 84 kWh,,high,0,0,0,1,electric_vehicles_spec_2025.csv.csv,,no analytics training rows for this make/model; only one dataset source; not supported by analytics base or Open EV merge path
Hongqi,E-HS9 99 kWh,,high,0,0,0,1,electric_vehicles_spec_2025.csv.csv,,no analytics training rows for this make/model; only one dataset source; not supported by analytics base or Open EV merge path
Hongqi,E-QM5,2023,high,0,0,1,1,open-ev-data-v1.24.0.csv,"efficiency_wh_per_km, top_speed_kmh, torque_nm",no analytics training rows for this make/model; only one dataset source; multiple planner reference specs would fall back to defaults
Hongqi,E-QM5,2024,high,0,0,1,1,open-ev-data-v1.24.0.csv,"efficiency_wh_per_km, top_speed_kmh, torque_nm",no analytics training rows for this make/model; only one dataset source; multiple planner reference specs would fall back to defaults
Hongqi,E-QM5,2025,high,0,0,1,1,open-ev-data-v1.24.0.csv,"efficiency_wh_per_km, top_speed_kmh, torque_nm",no analytics training rows for this make/model; only one dataset source; multiple planner reference specs would fall back to defaults
Hyundai,INSTER Long Range,,high,0,0,0,1,electric_vehicles_spec_2025.csv.csv,,no analytics training rows for this make/model; only one dataset source; not supported by analytics base or Open EV merge path
Hyundai,INSTER Standard Range,,high,0,0,0,1,electric_vehicles_spec_2025.csv.csv,,no analytics training rows for this make/model; only one dataset source; not supported by analytics base or Open EV merge path
Hyundai,IONIQ 5,2023,high,0,0,2,1,open-ev-data-v1.24.0.csv,,no analytics training rows for this make/model; only one dataset source
Hyundai,IONIQ 5,2024,high,0,0,3,1,open-ev-data-v1.24.0.csv,,no analytics training rows for this make/model; only one dataset source
Hyundai,IONIQ 5,2025,high,0,0,3,1,open-ev-data-v1.24.0.csv,,no analytics training rows for this make/model; only one dataset source
Hyundai,IONIQ 5 63 kWh RWD (MY24),,high,0,0,0,1,electric_vehicles_spec_2025.csv.csv,,no analytics training rows for this make/model; only one dataset source; not supported by analytics base or Open EV merge path
Hyundai,IONIQ 5 84 kWh AWD (MY24),,high,0,0,0,1,electric_vehicles_spec_2025.csv.csv,,no analytics training rows for this make/model; only one dataset source; not supported by analytics base or Open EV merge path
Hyundai,IONIQ 5 84 kWh RWD (MY24),,high,0,0,0,1,electric_vehicles_spec_2025.csv.csv,,no analytics training rows for this make/model; only one dataset source; not supported by analytics base or Open EV merge path
Hyundai,IONIQ 5 N (MY24),,high,0,0,0,1,electric_vehicles_spec_2025.csv.csv,,no analytics training rows for this make/model; only one dataset source; not supported by analytics base or Open EV merge path
Hyundai,IONIQ 6,2023,high,0,0,3,1,open-ev-data-v1.24.0.csv,,no analytics training rows for this make/model; only one dataset source
Hyundai,IONIQ 6,2024,high,0,0,3,1,open-ev-data-v1.24.0.csv,,no analytics training rows for this make/model; only one dataset source
Hyundai,IONIQ 6,2025,high,0,0,3,1,open-ev-data-v1.24.0.csv,,no analytics training rows for this make/model; only one dataset source
Hyundai,IONIQ 6 Long Range 2WD,,high,0,0,0,1,electric_vehicles_spec_2025.csv.csv,,no analytics training rows for this make/model; only one dataset source; not supported by analytics base or Open EV merge path
Hyundai,IONIQ 6 Long Range AWD,,high,0,0,0,1,electric_vehicles_spec_2025.csv.csv,,no analytics training rows for this make/model; only one dataset source; not supported by analytics base or Open EV merge path
Hyundai,IONIQ 6 Standard Range 2WD,,high,0,0,0,1,electric_vehicles_spec_2025.csv.csv,,no analytics training rows for this make/model; only one dataset source; not supported by analytics base or Open EV merge path
Hyundai,IONIQ 9,2025,high,0,0,1,1,open-ev-data-v1.24.0.csv,,no analytics training rows for this make/model; only one dataset source
Hyundai,IONIQ 9 Long Range AWD,,high,0,0,0,1,electric_vehicles_spec_2025.csv.csv,,no analytics training rows for this make/model; only one dataset source; not supported by analytics base or Open EV merge path
Hyundai,IONIQ 9 Long Range RWD,,high,0,0,0,1,electric_vehicles_spec_2025.csv.csv,,no analytics training rows for this make/model; only one dataset source; not supported by analytics base or Open EV merge path
Hyundai,IONIQ 9 Performance AWD,,high,0,0,0,1,electric_vehicles_spec_2025.csv.csv,,no analytics training rows for this make/model; only one dataset source; not supported by analytics base or Open EV merge path
Hyundai,Kona Electric 48 kWh,,high,0,0,0,1,electric_vehicles_spec_2025.csv.csv,,no analytics training rows for this make/model; only one dataset source; not supported by analytics base or Open EV merge path
Hyundai,Kona Electric 65 kWh,,high,0,0,0,1,electric_vehicles_spec_2025.csv.csv,,no analytics training rows for this make/model; only one dataset source; not supported by analytics base or Open EV merge path
IM Motors,L7,2023,high,0,0,1,1,open-ev-data-v1.24.0.csv,,no analytics training rows for this make/model; only one dataset source
IM Motors,L7,2024,high,0,0,1,1,open-ev-data-v1.24.0.csv,,no analytics training rows for this make/model; only one dataset source
IM Motors,L7,2025,high,0,0,1,1,open-ev-data-v1.24.0.csv,,no analytics training rows for this make/model; only one dataset source
IM Motors,LS6,2023,high,0,0,1,1,open-ev-data-v1.24.0.csv,,no analytics training rows for this make/model; only one dataset source
IM Motors,LS6,2024,high,0,0,1,1,open-ev-data-v1.24.0.csv,,no analytics training rows for this make/model; only one dataset source
IM Motors,LS6,2025,high,0,0,1,1,open-ev-data-v1.24.0.csv,,no analytics training rows for this make/model; only one dataset source
IM Motors,LS7,2023,high,0,0,1,1,open-ev-data-v1.24.0.csv,,no analytics training rows for this make/model; only one dataset source
IM Motors,LS7,2024,high,0,0,1,1,open-ev-data-v1.24.0.csv,,no analytics training rows for this make/model; only one dataset source
IM Motors,LS7,2025,high,0,0,1,1,open-ev-data-v1.24.0.csv,,no analytics training rows for this make/model; only one dataset source
Jaguar,I-PACE,2023,high,0,0,1,1,open-ev-data-v1.24.0.csv,,no analytics training rows for this make/model; only one dataset source
Jaguar,I-PACE,2024,high,0,0,1,1,open-ev-data-v1.24.0.csv,,no analytics training rows for this make/model; only one dataset source
Jaguar,I-Pace EV400,,high,0,0,0,1,electric_vehicles_spec_2025.csv.csv,,no analytics training rows for this make/model; only one dataset source; not supported by analytics base or Open EV merge path
Jeep,Avenger Electric,,high,0,0,0,1,electric_vehicles_spec_2025.csv.csv,,no analytics training rows for this make/model; only one dataset source; not supported by analytics base or Open EV merge path
Jeep,Compass Electric 74 kWh,,high,0,0,0,1,electric_vehicles_spec_2025.csv.csv,,no analytics training rows for this make/model; only one dataset source; not supported by analytics base or Open EV merge path
KGM,Torres EVX,,high,0,0,0,1,electric_vehicles_spec_2025.csv.csv,,no analytics training rows for this make/model; only one dataset source; not supported by analytics base or Open EV merge path
Karma Automotive,GS-6,2023,high,0,0,1,1,open-ev-data-v1.24.0.csv,top_speed_kmh,no analytics training rows for this make/model; only one dataset source; missing planner reference field: top_speed_kmh
Karma Automotive,GS-6,2024,high,0,0,1,1,open-ev-data-v1.24.0.csv,top_speed_kmh,no analytics training rows for this make/model; only one dataset source; missing planner reference field: top_speed_kmh
Karma Automotive,GS-6,2025,high,0,0,1,1,open-ev-data-v1.24.0.csv,top_speed_kmh,no analytics training rows for this make/model; only one dataset source; missing planner reference field: top_speed_kmh
Karma Automotive,Revero GT,2023,high,0,0,1,1,open-ev-data-v1.24.0.csv,top_speed_kmh,no analytics training rows for this make/model; only one dataset source; missing planner reference field: top_speed_kmh
Karma Automotive,Revero GT,2024,high,0,0,1,1,open-ev-data-v1.24.0.csv,top_speed_kmh,no analytics training rows for this make/model; only one dataset source; missing planner reference field: top_speed_kmh
Karma Automotive,Revero GT,2025,high,0,0,1,1,open-ev-data-v1.24.0.csv,top_speed_kmh,no analytics training rows for this make/model; only one dataset source; missing planner reference field: top_speed_kmh
Kia,EV3 Long Range,,high,0,0,0,1,electric_vehicles_spec_2025.csv.csv,,no analytics training rows for this make/model; only one dataset source; not supported by analytics base or Open EV merge path
Kia,EV3 Standard Range,,high,0,0,0,1,electric_vehicles_spec_2025.csv.csv,,no analytics training rows for this make/model; only one dataset source; not supported by analytics base or Open EV merge path
Kia,EV4 Hatchback Long Range,,high,0,0,0,1,electric_vehicles_spec_2025.csv.csv,,no analytics training rows for this make/model; only one dataset source; not supported by analytics base or Open EV merge path
Kia,EV4 Hatchback Standard Range,,high,0,0,0,1,electric_vehicles_spec_2025.csv.csv,,no analytics training rows for this make/model; only one dataset source; not supported by analytics base or Open EV merge path
Kia,EV4 Sedan Long Range,,high,0,0,0,1,electric_vehicles_spec_2025.csv.csv,,no analytics training rows for this make/model; only one dataset source; not supported by analytics base or Open EV merge path
Kia,EV4 Sedan Standard Range,,high,0,0,0,1,electric_vehicles_spec_2025.csv.csv,,no analytics training rows for this make/model; only one dataset source; not supported by analytics base or Open EV merge path
Kia,EV6 GT,,high,0,0,0,1,electric_vehicles_spec_2025.csv.csv,,no analytics training rows for this make/model; only one dataset source; not supported by analytics base or Open EV merge path
Kia,EV6 Long Range 2WD,,high,0,0,0,1,electric_vehicles_spec_2025.csv.csv,,no analytics training rows for this make/model; only one dataset source; not supported by analytics base or Open EV merge path
Kia,EV6 Long Range AWD,,high,0,0,0,1,electric_vehicles_spec_2025.csv.csv,,no analytics training rows for this make/model; only one dataset source; not supported by analytics base or Open EV merge path
Kia,EV6 Standard Range 2WD,,high,0,0,0,1,electric_vehicles_spec_2025.csv.csv,,no analytics training rows for this make/model; only one dataset source; not supported by analytics base or Open EV merge path
Kia,EV9 76.1 kWh RWD,,high,0,0,0,1,electric_vehicles_spec_2025.csv.csv,,no analytics training rows for this make/model; only one dataset source; not supported by analytics base or Open EV merge path
Kia,EV9 99.8 kWh AWD,,high,0,0,0,1,electric_vehicles_spec_2025.csv.csv,,no analytics training rows for this make/model; only one dataset source; not supported by analytics base or Open EV merge path
Kia,EV9 99.8 kWh AWD GT,,high,0,0,0,1,electric_vehicles_spec_2025.csv.csv,,no analytics training rows for this make/model; only one dataset source; not supported by analytics base or Open EV merge path
Kia,EV9 99.8 kWh AWD GT-Line,,high,0,0,0,1,electric_vehicles_spec_2025.csv.csv,,no analytics training rows for this make/model; only one dataset source; not supported by analytics base or Open EV merge path
Kia,EV9 99.8 kWh RWD,,high,0,0,0,1,electric_vehicles_spec_2025.csv.csv,,no analytics training rows for this make/model; only one dataset source; not supported by analytics base or Open EV merge path
Lancia,Ypsilon,,high,0,0,0,1,electric_vehicles_spec_2025.csv.csv,,no analytics training rows for this make/model; only one dataset source; not supported by analytics base or Open EV merge path
Land Rover,Range Rover Evoque PHEV,2023,high,0,0,2,1,open-ev-data-v1.24.0.csv,"top_speed_kmh, maxChargingPower_kW",no analytics training rows for this make/model; only one dataset source; multiple planner reference specs would fall back to defaults
Land Rover,Range Rover Evoque PHEV,2024,high,0,0,2,1,open-ev-data-v1.24.0.csv,"top_speed_kmh, maxChargingPower_kW",no analytics training rows for this make/model; only one dataset source; multiple planner reference specs would fall back to defaults
Land Rover,Range Rover Evoque PHEV,2025,high,0,0,2,1,open-ev-data-v1.24.0.csv,"top_speed_kmh, maxChargingPower_kW",no analytics training rows for this make/model; only one dataset source; multiple planner reference specs would fall back to defaults
Land Rover,Range Rover PHEV,2023,high,0,0,2,1,open-ev-data-v1.24.0.csv,"top_speed_kmh, maxChargingPower_kW",no analytics training rows for this make/model; only one dataset source; multiple planner reference specs would fall back to defaults
Land Rover,Range Rover PHEV,2024,high,0,0,2,1,open-ev-data-v1.24.0.csv,"top_speed_kmh, maxChargingPower_kW",no analytics training rows for this make/model; only one dataset source; multiple planner reference specs would fall back to defaults
Land Rover,Range Rover PHEV,2025,high,0,0,2,1,open-ev-data-v1.24.0.csv,"top_speed_kmh, maxChargingPower_kW",no analytics training rows for this make/model; only one dataset source; multiple planner reference specs would fall back to defaults
Land Rover,Range Rover Sport PHEV,2023,high,0,0,2,1,open-ev-data-v1.24.0.csv,"top_speed_kmh, maxChargingPower_kW",no analytics training rows for this make/model; only one dataset source; multiple planner reference specs would fall back to defaults
Land Rover,Range Rover Sport PHEV,2024,high,0,0,2,1,open-ev-data-v1.24.0.csv,"top_speed_kmh, maxChargingPower_kW",no analytics training rows for this make/model; only one dataset source; multiple planner reference specs would fall back to defaults
Land Rover,Range Rover Sport PHEV,2025,high,0,0,2,1,open-ev-data-v1.24.0.csv,"top_speed_kmh, maxChargingPower_kW",no analytics training rows for this make/model; only one dataset source; multiple planner reference specs would fall back to defaults
Land Rover,Range Rover Velar PHEV,2023,high,0,0,2,1,open-ev-data-v1.24.0.csv,"top_speed_kmh, maxChargingPower_kW",no analytics training rows for this make/model; only one dataset source; multiple planner reference specs would fall back to defaults
Land Rover,Range Rover Velar PHEV,2024,high,0,0,2,1,open-ev-data-v1.24.0.csv,"top_speed_kmh, maxChargingPower_kW",no analytics training rows for this make/model; only one dataset source; multiple planner reference specs would fall back to defaults
Land Rover,Range Rover Velar PHEV,2025,high,0,0,2,1,open-ev-data-v1.24.0.csv,"top_speed_kmh, maxChargingPower_kW",no analytics training rows for this make/model; only one dataset source; multiple planner reference specs would fall back to defaults
Leapmotor,B01,2025,high,0,0,3,1,open-ev-data-v1.24.0.csv,"efficiency_wh_per_km, torque_nm",no analytics training rows for this make/model; only one dataset source; multiple planner reference specs would fall back to defaults
Leapmotor,B10,2025,high,0,0,3,1,open-ev-data-v1.24.0.csv,"efficiency_wh_per_km, torque_nm",no analytics training rows for this make/model; only one dataset source; multiple planner reference specs would fall back to defaults
Leapmotor,C10,,high,0,0,0,1,electric_vehicles_spec_2025.csv.csv,,no analytics training rows for this make/model; only one dataset source; not supported by analytics base or Open EV merge path
Leapmotor,C10,2025,high,0,0,1,1,open-ev-data-v1.24.0.csv,torque_nm,no analytics training rows for this make/model; only one dataset source; missing planner reference field: torque_nm
Leapmotor,C16,2024,high,0,0,1,1,open-ev-data-v1.24.0.csv,torque_nm,no analytics training rows for this make/model; only one dataset source; missing planner reference field: torque_nm
Leapmotor,C16,2025,high,0,0,1,1,open-ev-data-v1.24.0.csv,torque_nm,no analytics training rows for this make/model; only one dataset source; missing planner reference field: torque_nm
Leapmotor,Lafa 5,2025,high,0,0,2,1,open-ev-data-v1.24.0.csv,"efficiency_wh_per_km, torque_nm",no analytics training rows for this make/model; only one dataset source; multiple planner reference specs would fall back to defaults
Leapmotor,T03,,high,0,0,0,1,electric_vehicles_spec_2025.csv.csv,,no analytics training rows for this make/model; only one dataset source; not supported by analytics base or Open EV merge path
Leapmotor,T03,2023,high,0,0,6,1,open-ev-data-v1.24.0.csv,"efficiency_wh_per_km, torque_nm",no analytics training rows for this make/model; only one dataset source; multiple planner reference specs would fall back to defaults
Leapmotor,T03,2024,high,0,0,3,1,open-ev-data-v1.24.0.csv,"efficiency_wh_per_km, torque_nm",no analytics training rows for this make/model; only one dataset source; multiple planner reference specs would fall back to defaults
Leapmotor,T03,2025,high,0,0,3,1,open-ev-data-v1.24.0.csv,"efficiency_wh_per_km, torque_nm",no analytics training rows for this make/model; only one dataset source; multiple planner reference specs would fall back to defaults
Lexus,ES 350e,2025,high,0,0,1,1,open-ev-data-v1.24.0.csv,,no analytics training rows for this make/model; only one dataset source
Lexus,ES 500e,2025,high,0,0,1,1,open-ev-data-v1.24.0.csv,,no analytics training rows for this make/model; only one dataset source
Lexus,RZ 300e,,high,0,0,0,1,electric_vehicles_spec_2025.csv.csv,,no analytics training rows for this make/model; only one dataset source; not supported by analytics base or Open EV merge path
Lexus,RZ 450e,,high,0,0,0,1,electric_vehicles_spec_2025.csv.csv,,no analytics training rows for this make/model; only one dataset source; not supported by analytics base or Open EV merge path
Lexus,RZ 450e,2023,high,0,0,3,1,open-ev-data-v1.24.0.csv,,no analytics training rows for this make/model; only one dataset source
Lexus,RZ 450e,2024,high,0,0,3,1,open-ev-data-v1.24.0.csv,,no analytics training rows for this make/model; only one dataset source
Lexus,RZ 450e,2025,high,0,0,3,1,open-ev-data-v1.24.0.csv,,no analytics training rows for this make/model; only one dataset source
Lexus,UX 300e,,high,0,0,0,1,electric_vehicles_spec_2025.csv.csv,,no analytics training rows for this make/model; only one dataset source; not supported by analytics base or Open EV merge path
Lexus,UX 300e,2023,high,0,0,1,1,open-ev-data-v1.24.0.csv,,no analytics training rows for this make/model; only one dataset source
Lexus,UX 300e,2024,high,0,0,1,1,open-ev-data-v1.24.0.csv,,no analytics training rows for this make/model; only one dataset source
Lexus,UX 300e,2025,high,0,0,1,1,open-ev-data-v1.24.0.csv,,no analytics training rows for this make/model; only one dataset source
Lotus,Eletre,,high,0,0,0,1,electric_vehicles_spec_2025.csv.csv,,no analytics training rows for this make/model; only one dataset source; not supported by analytics base or Open EV merge path
Lotus,Eletre,2023,high,0,0,3,1,open-ev-data-v1.24.0.csv,,no analytics training rows for this make/model; only one dataset source
Lotus,Eletre,2024,high,0,0,3,1,open-ev-data-v1.24.0.csv,,no analytics training rows for this make/model; only one dataset source
Lotus,Eletre,2025,high,0,0,3,1,open-ev-data-v1.24.0.csv,,no analytics training rows for this make/model; only one dataset source
Lotus,Eletre R,,high,0,0,0,1,electric_vehicles_spec_2025.csv.csv,,no analytics training rows for this make/model; only one dataset source; not supported by analytics base or Open EV merge path
Lotus,Eletre S,,high,0,0,0,1,electric_vehicles_spec_2025.csv.csv,,no analytics training rows for this make/model; only one dataset source; not supported by analytics base or Open EV merge path
Lotus,Emeya,,high,0,0,0,1,electric_vehicles_spec_2025.csv.csv,,no analytics training rows for this make/model; only one dataset source; not supported by analytics base or Open EV merge path
Lotus,Emeya,2024,high,0,0,1,1,open-ev-data-v1.24.0.csv,,no analytics training rows for this make/model; only one dataset source
Lotus,Emeya,2025,high,0,0,1,1,open-ev-data-v1.24.0.csv,,no analytics training rows for this make/model; only one dataset source
Lotus,Emeya R,,high,0,0,0,1,electric_vehicles_spec_2025.csv.csv,,no analytics training rows for this make/model; only one dataset source; not supported by analytics base or Open EV merge path
Lotus,Emeya S,,high,0,0,0,1,electric_vehicles_spec_2025.csv.csv,,no analytics training rows for this make/model; only one dataset source; not supported by analytics base or Open EV merge path
Lucid,Air,2023,high,0,0,3,1,open-ev-data-v1.24.0.csv,,no analytics training rows for this make/model; only one dataset source
Lucid,Air,2024,high,0,0,4,1,open-ev-data-v1.24.0.csv,,no analytics training rows for this make/model; only one dataset source
Lucid,Air,2025,high,0,0,4,1,open-ev-data-v1.24.0.csv,,no analytics training rows for this make/model; only one dataset source
Lucid,Air Grand Touring,,high,0,0,0,1,electric_vehicles_spec_2025.csv.csv,,no analytics training rows for this make/model; only one dataset source; not supported by analytics base or Open EV merge path
Lucid,Air Pure RWD,,high,0,0,0,1,electric_vehicles_spec_2025.csv.csv,torque_nm,no analytics training rows for this make/model; only one dataset source; missing planner reference field: torque_nm; not supported by analytics base or Open EV merge path
Lucid,Air Touring,,high,0,0,0,1,electric_vehicles_spec_2025.csv.csv,torque_nm,no analytics training rows for this make/model; only one dataset source; missing planner reference field: torque_nm; not supported by analytics base or Open EV merge path
Lucid,Gravity,2025,high,0,0,2,1,open-ev-data-v1.24.0.csv,,no analytics training rows for this make/model; only one dataset source
Lynk&Co,02,,high,0,0,0,1,electric_vehicles_spec_2025.csv.csv,,no analytics training rows for this make/model; only one dataset source; not supported by analytics base or Open EV merge path
M-Hero,917,2023,high,0,0,1,1,open-ev-data-v1.24.0.csv,efficiency_wh_per_km,no analytics training rows for this make/model; only one dataset source; missing planner reference field: efficiency_wh_per_km
M-Hero,917,2024,high,0,0,1,1,open-ev-data-v1.24.0.csv,efficiency_wh_per_km,no analytics training rows for this make/model; only one dataset source; missing planner reference field: efficiency_wh_per_km
M-Hero,917,2025,high,0,0,1,1,open-ev-data-v1.24.0.csv,efficiency_wh_per_km,no analytics training rows for this make/model; only one dataset source; missing planner reference field: efficiency_wh_per_km
MG,4 Electric 51 kWh,,high,0,0,0,1,electric_vehicles_spec_2025.csv.csv,,no analytics training rows for this make/model; only one dataset source; not supported by analytics base or Open EV merge path
MG,4 Electric 64 kWh,,high,0,0,0,1,electric_vehicles_spec_2025.csv.csv,,no analytics training rows for this make/model; only one dataset source; not supported by analytics base or Open EV merge path
MG,4 Electric 77 kWh,,high,0,0,0,1,electric_vehicles_spec_2025.csv.csv,,no analytics training rows for this make/model; only one dataset source; not supported by analytics base or Open EV merge path
MG,4 Electric XPOWER,,high,0,0,0,1,electric_vehicles_spec_2025.csv.csv,,no analytics training rows for this make/model; only one dataset source; not supported by analytics base or Open EV merge path
MG,5 Electric Long Range,,high,0,0,0,1,electric_vehicles_spec_2025.csv.csv,,no analytics training rows for this make/model; only one dataset source; not supported by analytics base or Open EV merge path
MG,5 Electric Standard Range,,high,0,0,0,1,electric_vehicles_spec_2025.csv.csv,,no analytics training rows for this make/model; only one dataset source; not supported by analytics base or Open EV merge path
MG,Cyberster GT,,high,0,0,0,1,electric_vehicles_spec_2025.csv.csv,,no analytics training rows for this make/model; only one dataset source; not supported by analytics base or Open EV merge path
MG,Cyberster Trophy,,high,0,0,0,1,electric_vehicles_spec_2025.csv.csv,,no analytics training rows for this make/model; only one dataset source; not supported by analytics base or Open EV merge path
MG,S5  EV 49 kWh,,high,0,0,0,1,electric_vehicles_spec_2025.csv.csv,,no analytics training rows for this make/model; only one dataset source; not supported by analytics base or Open EV merge path
MG,S5  EV 64 kWh,,high,0,0,0,1,electric_vehicles_spec_2025.csv.csv,,no analytics training rows for this make/model; only one dataset source; not supported by analytics base or Open EV merge path
MG,ZS EV Long Range,,high,0,0,0,1,electric_vehicles_spec_2025.csv.csv,,no analytics training rows for this make/model; only one dataset source; not supported by analytics base or Open EV merge path
MG,ZS EV Standard Range,,high,0,0,0,1,electric_vehicles_spec_2025.csv.csv,,no analytics training rows for this make/model; only one dataset source; not supported by analytics base or Open EV merge path
MG Motor,Cyberster,2025,high,0,0,1,1,open-ev-data-v1.24.0.csv,,no analytics training rows for this make/model; only one dataset source
MG Motor,MG4,2023,high,0,0,5,1,open-ev-data-v1.24.0.csv,,no analytics training rows for this make/model; only one dataset source
MG Motor,MG4,2024,high,0,0,5,1,open-ev-data-v1.24.0.csv,,no analytics training rows for this make/model; only one dataset source
MG Motor,MG4,2025,high,0,0,5,1,open-ev-data-v1.24.0.csv,,no analytics training rows for this make/model; only one dataset source
MG Motor,S5,2025,high,0,0,1,1,open-ev-data-v1.24.0.csv,,no analytics training rows for this make/model; only one dataset source
Maserati,GranCabrio Folgore,,high,0,0,0,1,electric_vehicles_spec_2025.csv.csv,,no analytics training rows for this make/model; only one dataset source; not supported by analytics base or Open EV merge path
Maserati,GranCabrio Folgore,2025,high,0,0,1,1,open-ev-data-v1.24.0.csv,,no analytics training rows for this make/model; only one dataset source
Maserati,GranTurismo Folgore,,high,0,0,0,1,electric_vehicles_spec_2025.csv.csv,,no analytics training rows for this make/model; only one dataset source; not supported by analytics base or Open EV merge path
Maserati,GranTurismo Folgore,2023,high,0,0,1,1,open-ev-data-v1.24.0.csv,,no analytics training rows for this make/model; only one dataset source
Maserati,Grecale Folgore,,high,0,0,0,1,electric_vehicles_spec_2025.csv.csv,,no analytics training rows for this make/model; only one dataset source; not supported by analytics base or Open EV merge path
Maserati,Grecale Folgore,2024,high,0,0,1,1,open-ev-data-v1.24.0.csv,,no analytics training rows for this make/model; only one dataset source
Maserati,MC20 Folgore,2025,high,0,0,1,1,open-ev-data-v1.24.0.csv,,no analytics training rows for this make/model; only one dataset source
Maxus,MIFA 9,,high,0,0,0,1,electric_vehicles_spec_2025.csv.csv,,no analytics training rows for this make/model; only one dataset source; not supported by analytics base or Open EV merge path
Mazda,6e 68.8 kWh,,high,0,0,0,1,electric_vehicles_spec_2025.csv.csv,,no analytics training rows for this make/model; only one dataset source; not supported by analytics base or Open EV merge path
Mazda,6e Long Range 80 kWh,,high,0,0,0,1,electric_vehicles_spec_2025.csv.csv,,no analytics training rows for this make/model; only one dataset source; not supported by analytics base or Open EV merge path
McLaren,Artura,2023,high,0,0,1,1,open-ev-data-v1.24.0.csv,"top_speed_kmh, maxChargingPower_kW",no analytics training rows for this make/model; only one dataset source; multiple planner reference specs would fall back to defaults
McLaren,Artura,2024,high,0,0,1,1,open-ev-data-v1.24.0.csv,"top_speed_kmh, maxChargingPower_kW",no analytics training rows for this make/model; only one dataset source; multiple planner reference specs would fall back to defaults
McLaren,Artura,2025,high,0,0,1,1,open-ev-data-v1.24.0.csv,"top_speed_kmh, maxChargingPower_kW",no analytics training rows for this make/model; only one dataset source; multiple planner reference specs would fall back to defaults
Mercedes-Benz,CLA 250+,,high,0,0,0,1,electric_vehicles_spec_2025.csv.csv,,no analytics training rows for this make/model; only one dataset source; not supported by analytics base or Open EV merge path
Mercedes-Benz,CLA 350 4MATIC,,high,0,0,0,1,electric_vehicles_spec_2025.csv.csv,,no analytics training rows for this make/model; only one dataset source; not supported by analytics base or Open EV merge path
Mercedes-Benz,CLA EV,2025,high,0,0,1,1,open-ev-data-v1.24.0.csv,,no analytics training rows for this make/model; only one dataset source
Mercedes-Benz,EQA,2023,high,0,0,3,1,open-ev-data-v1.24.0.csv,,no analytics training rows for this make/model; only one dataset source
Mercedes-Benz,EQA,2024,high,0,0,3,1,open-ev-data-v1.24.0.csv,,no analytics training rows for this make/model; only one dataset source
Mercedes-Benz,EQA,2025,high,0,0,3,1,open-ev-data-v1.24.0.csv,,no analytics training rows for this make/model; only one dataset source
Mercedes-Benz,EQA 250,,high,0,0,0,1,electric_vehicles_spec_2025.csv.csv,,no analytics training rows for this make/model; only one dataset source; not supported by analytics base or Open EV merge path
Mercedes-Benz,EQA 250+,,high,0,0,0,1,electric_vehicles_spec_2025.csv.csv,,no analytics training rows for this make/model; only one dataset source; not supported by analytics base or Open EV merge path
Mercedes-Benz,EQA 300 4MATIC,,high,0,0,0,1,electric_vehicles_spec_2025.csv.csv,,no analytics training rows for this make/model; only one dataset source; not supported by analytics base or Open EV merge path
Mercedes-Benz,EQA 350 4MATIC,,high,0,0,0,1,electric_vehicles_spec_2025.csv.csv,,no analytics training rows for this make/model; only one dataset source; not supported by analytics base or Open EV merge path
Mercedes-Benz,EQB,2023,high,0,0,6,1,open-ev-data-v1.24.0.csv,,no analytics training rows for this make/model; only one dataset source
Mercedes-Benz,EQB,2024,high,0,0,6,1,open-ev-data-v1.24.0.csv,,no analytics training rows for this make/model; only one dataset source
Mercedes-Benz,EQB,2025,high,0,0,6,1,open-ev-data-v1.24.0.csv,,no analytics training rows for this make/model; only one dataset source
Mercedes-Benz,EQB 250+,,high,0,0,0,1,electric_vehicles_spec_2025.csv.csv,,no analytics training rows for this make/model; only one dataset source; not supported by analytics base or Open EV merge path
Mercedes-Benz,EQB 300 4MATIC,,high,0,0,0,1,electric_vehicles_spec_2025.csv.csv,,no analytics training rows for this make/model; only one dataset source; not supported by analytics base or Open EV merge path
Mercedes-Benz,EQB 350 4MATIC,,high,0,0,0,1,electric_vehicles_spec_2025.csv.csv,,no analytics training rows for this make/model; only one dataset source; not supported by analytics base or Open EV merge path
Mercedes-Benz,EQE,2023,high,0,0,4,1,open-ev-data-v1.24.0.csv,,no analytics training rows for this make/model; only one dataset source
Mercedes-Benz,EQE,2024,high,0,0,4,1,open-ev-data-v1.24.0.csv,,no analytics training rows for this make/model; only one dataset source
Mercedes-Benz,EQE,2025,high,0,0,4,1,open-ev-data-v1.24.0.csv,,no analytics training rows for this make/model; only one dataset source
Mercedes-Benz,EQE 300,,high,0,0,0,1,electric_vehicles_spec_2025.csv.csv,,no analytics training rows for this make/model; only one dataset source; not supported by analytics base or Open EV merge path
Mercedes-Benz,EQE 350 4MATIC,,high,0,0,0,1,electric_vehicles_spec_2025.csv.csv,,no analytics training rows for this make/model; only one dataset source; not supported by analytics base or Open EV merge path
Mercedes-Benz,EQE 350+,,high,0,0,0,1,electric_vehicles_spec_2025.csv.csv,,no analytics training rows for this make/model; only one dataset source; not supported by analytics base or Open EV merge path
Mercedes-Benz,EQE 500 4MATIC,,high,0,0,0,1,electric_vehicles_spec_2025.csv.csv,,no analytics training rows for this make/model; only one dataset source; not supported by analytics base or Open EV merge path
Mercedes-Benz,EQE AMG 43 4MATIC,,high,0,0,0,1,electric_vehicles_spec_2025.csv.csv,,no analytics training rows for this make/model; only one dataset source; not supported by analytics base or Open EV merge path
Mercedes-Benz,EQE AMG 53 4MATIC+,,high,0,0,0,1,electric_vehicles_spec_2025.csv.csv,,no analytics training rows for this make/model; only one dataset source; not supported by analytics base or Open EV merge path
Mercedes-Benz,EQE SUV,2023,high,0,0,3,1,open-ev-data-v1.24.0.csv,,no analytics training rows for this make/model; only one dataset source
Mercedes-Benz,EQE SUV,2024,high,0,0,3,1,open-ev-data-v1.24.0.csv,,no analytics training rows for this make/model; only one dataset source
Mercedes-Benz,EQE SUV,2025,high,0,0,3,1,open-ev-data-v1.24.0.csv,,no analytics training rows for this make/model; only one dataset source
Mercedes-Benz,EQE SUV 300,,high,0,0,0,1,electric_vehicles_spec_2025.csv.csv,,no analytics training rows for this make/model; only one dataset source; not supported by analytics base or Open EV merge path
Mercedes-Benz,EQE SUV 350 4MATIC,,high,0,0,0,1,electric_vehicles_spec_2025.csv.csv,,no analytics training rows for this make/model; only one dataset source; not supported by analytics base or Open EV merge path
Mercedes-Benz,EQE SUV 350+,,high,0,0,0,1,electric_vehicles_spec_2025.csv.csv,,no analytics training rows for this make/model; only one dataset source; not supported by analytics base or Open EV merge path
Mercedes-Benz,EQE SUV 500 4MATIC,,high,0,0,0,1,electric_vehicles_spec_2025.csv.csv,,no analytics training rows for this make/model; only one dataset source; not supported by analytics base or Open EV merge path
Mercedes-Benz,EQE SUV AMG 43 4MATIC,,high,0,0,0,1,electric_vehicles_spec_2025.csv.csv,,no analytics training rows for this make/model; only one dataset source; not supported by analytics base or Open EV merge path
Mercedes-Benz,EQE SUV AMG 53 4MATIC+,,high,0,0,0,1,electric_vehicles_spec_2025.csv.csv,,no analytics training rows for this make/model; only one dataset source; not supported by analytics base or Open EV merge path
Mercedes-Benz,EQS,2023,high,0,0,3,1,open-ev-data-v1.24.0.csv,,no analytics training rows for this make/model; only one dataset source
Mercedes-Benz,EQS,2024,high,0,0,3,1,open-ev-data-v1.24.0.csv,,no analytics training rows for this make/model; only one dataset source
Mercedes-Benz,EQS,2025,high,0,0,3,1,open-ev-data-v1.24.0.csv,,no analytics training rows for this make/model; only one dataset source
Mercedes-Benz,EQS 350,,high,0,0,0,1,electric_vehicles_spec_2025.csv.csv,,no analytics training rows for this make/model; only one dataset source; not supported by analytics base or Open EV merge path
Mercedes-Benz,EQS 450 4MATIC,,high,0,0,0,1,electric_vehicles_spec_2025.csv.csv,,no analytics training rows for this make/model; only one dataset source; not supported by analytics base or Open EV merge path
Mercedes-Benz,EQS 450+,,high,0,0,0,1,electric_vehicles_spec_2025.csv.csv,,no analytics training rows for this make/model; only one dataset source; not supported by analytics base or Open EV merge path
Mercedes-Benz,EQS 500 4MATIC,,high,0,0,0,1,electric_vehicles_spec_2025.csv.csv,,no analytics training rows for this make/model; only one dataset source; not supported by analytics base or Open EV merge path
Mercedes-Benz,EQS 580 4MATIC,,high,0,0,0,1,electric_vehicles_spec_2025.csv.csv,,no analytics training rows for this make/model; only one dataset source; not supported by analytics base or Open EV merge path
Mercedes-Benz,EQS AMG 53 4MATIC+,,high,0,0,0,1,electric_vehicles_spec_2025.csv.csv,,no analytics training rows for this make/model; only one dataset source; not supported by analytics base or Open EV merge path
Mercedes-Benz,EQS SUV,2023,high,0,0,3,1,open-ev-data-v1.24.0.csv,,no analytics training rows for this make/model; only one dataset source
Mercedes-Benz,EQS SUV,2024,high,0,0,3,1,open-ev-data-v1.24.0.csv,,no analytics training rows for this make/model; only one dataset source
Mercedes-Benz,EQS SUV,2025,high,0,0,3,1,open-ev-data-v1.24.0.csv,,no analytics training rows for this make/model; only one dataset source
Mercedes-Benz,EQS SUV 450 4MATIC,,high,0,0,0,1,electric_vehicles_spec_2025.csv.csv,,no analytics training rows for this make/model; only one dataset source; not supported by analytics base or Open EV merge path
Mercedes-Benz,EQS SUV 450+,,high,0,0,0,1,electric_vehicles_spec_2025.csv.csv,,no analytics training rows for this make/model; only one dataset source; not supported by analytics base or Open EV merge path
Mercedes-Benz,EQS SUV 500 4MATIC,,high,0,0,0,1,electric_vehicles_spec_2025.csv.csv,,no analytics training rows for this make/model; only one dataset source; not supported by analytics base or Open EV merge path
Mercedes-Benz,EQS SUV 580 4MATIC,,high,0,0,0,1,electric_vehicles_spec_2025.csv.csv,,no analytics training rows for this make/model; only one dataset source; not supported by analytics base or Open EV merge path
Mercedes-Benz,EQS SUV Maybach 680,,high,0,0,0,1,electric_vehicles_spec_2025.csv.csv,,no analytics training rows for this make/model; only one dataset source; not supported by analytics base or Open EV merge path
Mercedes-Benz,EQT 200 Long,,high,0,0,0,1,electric_vehicles_spec_2025.csv.csv,,no analytics training rows for this make/model; only one dataset source; not supported by analytics base or Open EV merge path
Mercedes-Benz,EQT 200 Standard,,high,0,0,0,1,electric_vehicles_spec_2025.csv.csv,,no analytics training rows for this make/model; only one dataset source; not supported by analytics base or Open EV merge path
Mercedes-Benz,EQV,2023,high,0,0,2,1,open-ev-data-v1.24.0.csv,,no analytics training rows for this make/model; only one dataset source
Mercedes-Benz,EQV,2024,high,0,0,2,1,open-ev-data-v1.24.0.csv,,no analytics training rows for this make/model; only one dataset source
Mercedes-Benz,EQV,2025,high,0,0,2,1,open-ev-data-v1.24.0.csv,,no analytics training rows for this make/model; only one dataset source
Mercedes-Benz,EQV 250 Extra-Long,,high,0,0,0,1,electric_vehicles_spec_2025.csv.csv,,no analytics training rows for this make/model; only one dataset source; not supported by analytics base or Open EV merge path
Mercedes-Benz,EQV 250 Long,,high,0,0,0,1,electric_vehicles_spec_2025.csv.csv,,no analytics training rows for this make/model; only one dataset source; not supported by analytics base or Open EV merge path
Mercedes-Benz,EQV 300 Extra-Long,,high,0,0,0,1,electric_vehicles_spec_2025.csv.csv,,no analytics training rows for this make/model; only one dataset source; not supported by analytics base or Open EV merge path
Mercedes-Benz,EQV 300 Long,,high,0,0,0,1,electric_vehicles_spec_2025.csv.csv,,no analytics training rows for this make/model; only one dataset source; not supported by analytics base or Open EV merge path
Mercedes-Benz,G 580,,high,0,0,0,1,electric_vehicles_spec_2025.csv.csv,,no analytics training rows for this make/model; only one dataset source; not supported by analytics base or Open EV merge path
Mercedes-Benz,G 580 EQ,2025,high,0,0,1,1,open-ev-data-v1.24.0.csv,,no analytics training rows for this make/model; only one dataset source
Mercedes-Benz,eVito Tourer Extra-Long 60 kWh,,high,0,0,0,1,electric_vehicles_spec_2025.csv.csv,,no analytics training rows for this make/model; only one dataset source; not supported by analytics base or Open EV merge path
Mercedes-Benz,eVito Tourer Long 60 kWh,,high,0,0,0,1,electric_vehicles_spec_2025.csv.csv,,no analytics training rows for this make/model; only one dataset source; not supported by analytics base or Open EV merge path
Mercedes-Benz,eVito Tourer Long 90 kWh,,high,0,0,0,1,electric_vehicles_spec_2025.csv.csv,,no analytics training rows for this make/model; only one dataset source; not supported by analytics base or Open EV merge path
Mini,Aceman E,,high,0,0,0,1,electric_vehicles_spec_2025.csv.csv,,no analytics training rows for this make/model; only one dataset source; not supported by analytics base or Open EV merge path
Mini,Aceman JCW,,high,0,0,0,1,electric_vehicles_spec_2025.csv.csv,,no analytics training rows for this make/model; only one dataset source; not supported by analytics base or Open EV merge path
Mini,Aceman SE,,high,0,0,0,1,electric_vehicles_spec_2025.csv.csv,,no analytics training rows for this make/model; only one dataset source; not supported by analytics base or Open EV merge path
Mini,Cooper E,,high,0,0,0,1,electric_vehicles_spec_2025.csv.csv,,no analytics training rows for this make/model; only one dataset source; not supported by analytics base or Open EV merge path
Mini,Cooper JCW,,high,0,0,0,1,electric_vehicles_spec_2025.csv.csv,,no analytics training rows for this make/model; only one dataset source; not supported by analytics base or Open EV merge path
Mini,Cooper SE,,high,0,0,0,1,electric_vehicles_spec_2025.csv.csv,,no analytics training rows for this make/model; only one dataset source; not supported by analytics base or Open EV merge path
Mini,Cooper SE,2023,high,0,0,1,1,open-ev-data-v1.24.0.csv,,no analytics training rows for this make/model; only one dataset source
Mini,Cooper SE,2024,high,0,0,1,1,open-ev-data-v1.24.0.csv,,no analytics training rows for this make/model; only one dataset source
Mini,Cooper SE,2025,high,0,0,1,1,open-ev-data-v1.24.0.csv,,no analytics training rows for this make/model; only one dataset source
Mini,Countryman,2024,high,0,0,2,1,open-ev-data-v1.24.0.csv,,no analytics training rows for this make/model; only one dataset source
Mini,Countryman,2025,high,0,0,2,1,open-ev-data-v1.24.0.csv,,no analytics training rows for this make/model; only one dataset source
Mini,Countryman E,,high,0,0,0,1,electric_vehicles_spec_2025.csv.csv,,no analytics training rows for this make/model; only one dataset source; not supported by analytics base or Open EV merge path
Mini,Countryman SE ALL4,,high,0,0,0,1,electric_vehicles_spec_2025.csv.csv,,no analytics training rows for this make/model; only one dataset source; not supported by analytics base or Open EV merge path
Mitsubishi,Eclipse Cross EV,2025,high,0,0,1,1,open-ev-data-v1.24.0.csv,torque_nm,no analytics training rows for this make/model; only one dataset source; missing planner reference field: torque_nm
Mitsubishi,Minicab-MiEV,2023,high,0,0,3,1,open-ev-data-v1.24.0.csv,"efficiency_wh_per_km, top_speed_kmh, maxChargingPower_kW",no analytics training rows for this make/model; only one dataset source; multiple planner reference specs would fall back to defaults
NIO,EC6,2023,high,0,0,3,1,open-ev-data-v1.24.0.csv,efficiency_wh_per_km,no analytics training rows for this make/model; only one dataset source; missing planner reference field: efficiency_wh_per_km
NIO,EC6,2024,high,0,0,3,1,open-ev-data-v1.24.0.csv,efficiency_wh_per_km,no analytics training rows for this make/model; only one dataset source; missing planner reference field: efficiency_wh_per_km
NIO,EC6,2025,high,0,0,3,1,open-ev-data-v1.24.0.csv,efficiency_wh_per_km,no analytics training rows for this make/model; only one dataset source; missing planner reference field: efficiency_wh_per_km
NIO,EC7,2023,high,0,0,3,1,open-ev-data-v1.24.0.csv,efficiency_wh_per_km,no analytics training rows for this make/model; only one dataset source; missing planner reference field: efficiency_wh_per_km
NIO,EC7,2024,high,0,0,3,1,open-ev-data-v1.24.0.csv,efficiency_wh_per_km,no analytics training rows for this make/model; only one dataset source; missing planner reference field: efficiency_wh_per_km
NIO,EC7,2025,high,0,0,3,1,open-ev-data-v1.24.0.csv,efficiency_wh_per_km,no analytics training rows for this make/model; only one dataset source; missing planner reference field: efficiency_wh_per_km
NIO,EL6 Long Range,,high,0,0,0,1,electric_vehicles_spec_2025.csv.csv,,no analytics training rows for this make/model; only one dataset source; not supported by analytics base or Open EV merge path
NIO,EL6 Standard Range,,high,0,0,0,1,electric_vehicles_spec_2025.csv.csv,,no analytics training rows for this make/model; only one dataset source; not supported by analytics base or Open EV merge path
NIO,EL7 Long Range,,high,0,0,0,1,electric_vehicles_spec_2025.csv.csv,,no analytics training rows for this make/model; only one dataset source; not supported by analytics base or Open EV merge path
NIO,EL7 Standard Range,,high,0,0,0,1,electric_vehicles_spec_2025.csv.csv,,no analytics training rows for this make/model; only one dataset source; not supported by analytics base or Open EV merge path
NIO,EL8 Long Range,,high,0,0,0,1,electric_vehicles_spec_2025.csv.csv,,no analytics training rows for this make/model; only one dataset source; not supported by analytics base or Open EV merge path
NIO,EL8 Standard Range,,high,0,0,0,1,electric_vehicles_spec_2025.csv.csv,,no analytics training rows for this make/model; only one dataset source; not supported by analytics base or Open EV merge path
NIO,ES6,2023,high,0,0,3,1,open-ev-data-v1.24.0.csv,efficiency_wh_per_km,no analytics training rows for this make/model; only one dataset source; missing planner reference field: efficiency_wh_per_km
NIO,ES6,2024,high,0,0,3,1,open-ev-data-v1.24.0.csv,efficiency_wh_per_km,no analytics training rows for this make/model; only one dataset source; missing planner reference field: efficiency_wh_per_km
NIO,ES6,2025,high,0,0,3,1,open-ev-data-v1.24.0.csv,efficiency_wh_per_km,no analytics training rows for this make/model; only one dataset source; missing planner reference field: efficiency_wh_per_km
NIO,ES7,2023,high,0,0,3,1,open-ev-data-v1.24.0.csv,efficiency_wh_per_km,no analytics training rows for this make/model; only one dataset source; missing planner reference field: efficiency_wh_per_km
NIO,ES7,2024,high,0,0,3,1,open-ev-data-v1.24.0.csv,efficiency_wh_per_km,no analytics training rows for this make/model; only one dataset source; missing planner reference field: efficiency_wh_per_km
NIO,ES7,2025,high,0,0,3,1,open-ev-data-v1.24.0.csv,efficiency_wh_per_km,no analytics training rows for this make/model; only one dataset source; missing planner reference field: efficiency_wh_per_km
NIO,ES8,2023,high,0,0,3,1,open-ev-data-v1.24.0.csv,efficiency_wh_per_km,no analytics training rows for this make/model; only one dataset source; missing planner reference field: efficiency_wh_per_km
NIO,ES8,2024,high,0,0,3,1,open-ev-data-v1.24.0.csv,efficiency_wh_per_km,no analytics training rows for this make/model; only one dataset source; missing planner reference field: efficiency_wh_per_km
NIO,ES8,2025,high,0,0,3,1,open-ev-data-v1.24.0.csv,efficiency_wh_per_km,no analytics training rows for this make/model; only one dataset source; missing planner reference field: efficiency_wh_per_km
NIO,ET5,2023,high,0,0,3,1,open-ev-data-v1.24.0.csv,efficiency_wh_per_km,no analytics training rows for this make/model; only one dataset source; missing planner reference field: efficiency_wh_per_km
NIO,ET5,2024,high,0,0,3,1,open-ev-data-v1.24.0.csv,efficiency_wh_per_km,no analytics training rows for this make/model; only one dataset source; missing planner reference field: efficiency_wh_per_km
NIO,ET5,2025,high,0,0,3,1,open-ev-data-v1.24.0.csv,efficiency_wh_per_km,no analytics training rows for this make/model; only one dataset source; missing planner reference field: efficiency_wh_per_km
NIO,ET5 Long Range,,high,0,0,0,1,electric_vehicles_spec_2025.csv.csv,,no analytics training rows for this make/model; only one dataset source; not supported by analytics base or Open EV merge path
NIO,ET5 Standard Range,,high,0,0,0,1,electric_vehicles_spec_2025.csv.csv,,no analytics training rows for this make/model; only one dataset source; not supported by analytics base or Open EV merge path
NIO,ET5 Touring Long Range,,high,0,0,0,1,electric_vehicles_spec_2025.csv.csv,,no analytics training rows for this make/model; only one dataset source; not supported by analytics base or Open EV merge path
NIO,ET5 Touring Standard Range,,high,0,0,0,1,electric_vehicles_spec_2025.csv.csv,,no analytics training rows for this make/model; only one dataset source; not supported by analytics base or Open EV merge path
NIO,ET7,2023,high,0,0,3,1,open-ev-data-v1.24.0.csv,efficiency_wh_per_km,no analytics training rows for this make/model; only one dataset source; missing planner reference field: efficiency_wh_per_km
NIO,ET7,2024,high,0,0,3,1,open-ev-data-v1.24.0.csv,efficiency_wh_per_km,no analytics training rows for this make/model; only one dataset source; missing planner reference field: efficiency_wh_per_km
NIO,ET7,2025,high,0,0,3,1,open-ev-data-v1.24.0.csv,efficiency_wh_per_km,no analytics training rows for this make/model; only one dataset source; missing planner reference field: efficiency_wh_per_km
NIO,ET7 Long Range,,high,0,0,0,1,electric_vehicles_spec_2025.csv.csv,,no analytics training rows for this make/model; only one dataset source; not supported by analytics base or Open EV merge path
NIO,ET7 Standard Range,,high,0,0,0,1,electric_vehicles_spec_2025.csv.csv,,no analytics training rows for this make/model; only one dataset source; not supported by analytics base or Open EV merge path
NIO,ET9,2025,high,0,0,1,1,open-ev-data-v1.24.0.csv,efficiency_wh_per_km,no analytics training rows for this make/model; only one dataset source; missing planner reference field: efficiency_wh_per_km
NIO,Firefly EV,2025,high,0,0,1,1,open-ev-data-v1.24.0.csv,efficiency_wh_per_km,no analytics training rows for this make/model; only one dataset source; missing planner reference field: efficiency_wh_per_km
Nammi,01,2023,high,0,0,2,1,open-ev-data-v1.24.0.csv,efficiency_wh_per_km,no analytics training rows for this make/model; only one dataset source; missing planner reference field: efficiency_wh_per_km
Nammi,01,2024,high,0,0,2,1,open-ev-data-v1.24.0.csv,efficiency_wh_per_km,no analytics training rows for this make/model; only one dataset source; missing planner reference field: efficiency_wh_per_km
Nammi,01,2025,high,0,0,2,1,open-ev-data-v1.24.0.csv,efficiency_wh_per_km,no analytics training rows for this make/model; only one dataset source; missing planner reference field: efficiency_wh_per_km
Nammi,06,2023,high,0,0,2,1,open-ev-data-v1.24.0.csv,efficiency_wh_per_km,no analytics training rows for this make/model; only one dataset source; missing planner reference field: efficiency_wh_per_km
Nammi,06,2024,high,0,0,2,1,open-ev-data-v1.24.0.csv,efficiency_wh_per_km,no analytics training rows for this make/model; only one dataset source; missing planner reference field: efficiency_wh_per_km
Nammi,06,2025,high,0,0,2,1,open-ev-data-v1.24.0.csv,efficiency_wh_per_km,no analytics training rows for this make/model; only one dataset source; missing planner reference field: efficiency_wh_per_km
Nissan,Ariya 63kWh,,high,0,0,0,1,electric_vehicles_spec_2025.csv.csv,,no analytics training rows for this make/model; only one dataset source; not supported by analytics base or Open EV merge path
Nissan,Ariya 87kWh,,high,0,0,0,1,electric_vehicles_spec_2025.csv.csv,,no analytics training rows for this make/model; only one dataset source; not supported by analytics base or Open EV merge path
Nissan,Ariya Nismo,2025,high,0,0,2,1,open-ev-data-v1.24.0.csv,,no analytics training rows for this make/model; only one dataset source
Nissan,Ariya e-4ORCE 87kWh - 225 kW,,high,0,0,0,1,electric_vehicles_spec_2025.csv.csv,,no analytics training rows for this make/model; only one dataset source; not supported by analytics base or Open EV merge path
Nissan,Ariya e-4ORCE 87kWh - 320 kW Nismo,,high,0,0,0,1,electric_vehicles_spec_2025.csv.csv,,no analytics training rows for this make/model; only one dataset source; not supported by analytics base or Open EV merge path
Nissan,LEAF,2023,high,0,0,2,1,open-ev-data-v1.24.0.csv,,no analytics training rows for this make/model; only one dataset source
Nissan,LEAF,2024,high,0,0,2,1,open-ev-data-v1.24.0.csv,,no analytics training rows for this make/model; only one dataset source
Nissan,Micra EV,2025,high,0,0,2,1,open-ev-data-v1.24.0.csv,,no analytics training rows for this make/model; only one dataset source
Nissan,Townstar EV Passenger,,high,0,0,0,1,electric_vehicles_spec_2025.csv.csv,,no analytics training rows for this make/model; only one dataset source; not supported by analytics base or Open EV merge path
Nissan,Townstar EV Passenger L2,,high,0,0,0,1,electric_vehicles_spec_2025.csv.csv,,no analytics training rows for this make/model; only one dataset source; not supported by analytics base or Open EV merge path
Omoda,E5,,high,0,0,0,1,electric_vehicles_spec_2025.csv.csv,,no analytics training rows for this make/model; only one dataset source; not supported by analytics base or Open EV merge path
Opel,Astra Electric,,high,0,0,0,1,electric_vehicles_spec_2025.csv.csv,,no analytics training rows for this make/model; only one dataset source; not supported by analytics base or Open EV merge path
Opel,Astra Sports Tourer Electric,,high,0,0,0,1,electric_vehicles_spec_2025.csv.csv,,no analytics training rows for this make/model; only one dataset source; not supported by analytics base or Open EV merge path
Opel,Combo-e Life 50 kWh,,high,0,0,0,1,electric_vehicles_spec_2025.csv.csv,,no analytics training rows for this make/model; only one dataset source; not supported by analytics base or Open EV merge path
Opel,Combo-e Life XL 50 kWh,,high,0,0,0,1,electric_vehicles_spec_2025.csv.csv,,no analytics training rows for this make/model; only one dataset source; not supported by analytics base or Open EV merge path
Opel,Corsa Electric 50 kWh,,high,0,0,0,1,electric_vehicles_spec_2025.csv.csv,,no analytics training rows for this make/model; only one dataset source; not supported by analytics base or Open EV merge path
Opel,Corsa Electric 51 kWh,,high,0,0,0,1,electric_vehicles_spec_2025.csv.csv,,no analytics training rows for this make/model; only one dataset source; not supported by analytics base or Open EV merge path
Opel,Frontera 44 kWh,,high,0,0,0,1,electric_vehicles_spec_2025.csv.csv,,no analytics training rows for this make/model; only one dataset source; not supported by analytics base or Open EV merge path
Opel,Grandland 73 kWh,,high,0,0,0,1,electric_vehicles_spec_2025.csv.csv,,no analytics training rows for this make/model; only one dataset source; not supported by analytics base or Open EV merge path
Opel,Grandland 82 kWh,,high,0,0,0,1,electric_vehicles_spec_2025.csv.csv,,no analytics training rows for this make/model; only one dataset source; not supported by analytics base or Open EV merge path
Opel,Mokka Electric,,high,0,0,0,1,electric_vehicles_spec_2025.csv.csv,,no analytics training rows for this make/model; only one dataset source; not supported by analytics base or Open EV merge path
Opel,Zafira-e Life L2 50 kWh,,high,0,0,0,1,electric_vehicles_spec_2025.csv.csv,,no analytics training rows for this make/model; only one dataset source; not supported by analytics base or Open EV merge path
Opel,Zafira-e Life L2 75 kWh,,high,0,0,0,1,electric_vehicles_spec_2025.csv.csv,,no analytics training rows for this make/model; only one dataset source; not supported by analytics base or Open EV merge path
Opel,Zafira-e Life L3 50 kWh,,high,0,0,0,1,electric_vehicles_spec_2025.csv.csv,,no analytics training rows for this make/model; only one dataset source; not supported by analytics base or Open EV merge path
Opel,Zafira-e Life L3 75 kWh,,high,0,0,0,1,electric_vehicles_spec_2025.csv.csv,,no analytics training rows for this make/model; only one dataset source; not supported by analytics base or Open EV merge path
Peugeot,e-2008,2023,high,0,0,1,1,open-ev-data-v1.24.0.csv,,no analytics training rows for this make/model; only one dataset source
Peugeot,e-2008,2024,high,0,0,1,1,open-ev-data-v1.24.0.csv,,no analytics training rows for this make/model; only one dataset source
Peugeot,e-2008,2025,high,0,0,1,1,open-ev-data-v1.24.0.csv,,no analytics training rows for this make/model; only one dataset source
Peugeot,e-2008 50 kWh,,high,0,0,0,1,electric_vehicles_spec_2025.csv.csv,,no analytics training rows for this make/model; only one dataset source; not supported by analytics base or Open EV merge path
Peugeot,e-2008 54 kWh,,high,0,0,0,1,electric_vehicles_spec_2025.csv.csv,,no analytics training rows for this make/model; only one dataset source; not supported by analytics base or Open EV merge path
Peugeot,e-208,2023,high,0,0,1,1,open-ev-data-v1.24.0.csv,,no analytics training rows for this make/model; only one dataset source
Peugeot,e-208,2024,high,0,0,1,1,open-ev-data-v1.24.0.csv,,no analytics training rows for this make/model; only one dataset source
Peugeot,e-208,2025,high,0,0,1,1,open-ev-data-v1.24.0.csv,,no analytics training rows for this make/model; only one dataset source
Peugeot,e-208 50 kWh,,high,0,0,0,1,electric_vehicles_spec_2025.csv.csv,,no analytics training rows for this make/model; only one dataset source; not supported by analytics base or Open EV merge path
Peugeot,e-208 51 kWh,,high,0,0,0,1,electric_vehicles_spec_2025.csv.csv,,no analytics training rows for this make/model; only one dataset source; not supported by analytics base or Open EV merge path
Peugeot,e-3008,2023,high,0,0,1,1,open-ev-data-v1.24.0.csv,,no analytics training rows for this make/model; only one dataset source
Peugeot,e-3008,2024,high,0,0,2,1,open-ev-data-v1.24.0.csv,,no analytics training rows for this make/model; only one dataset source
Peugeot,e-3008,2025,high,0,0,3,1,open-ev-data-v1.24.0.csv,,no analytics training rows for this make/model; only one dataset source
Peugeot,e-3008 73 kWh,,high,0,0,0,1,electric_vehicles_spec_2025.csv.csv,,no analytics training rows for this make/model; only one dataset source; not supported by analytics base or Open EV merge path
Peugeot,e-3008 73 kWh Dual Motor,,high,0,0,0,1,electric_vehicles_spec_2025.csv.csv,,no analytics training rows for this make/model; only one dataset source; not supported by analytics base or Open EV merge path
Peugeot,e-3008 97 kWh Long Range,,high,0,0,0,1,electric_vehicles_spec_2025.csv.csv,,no analytics training rows for this make/model; only one dataset source; not supported by analytics base or Open EV merge path
Peugeot,e-308,,high,0,0,0,1,electric_vehicles_spec_2025.csv.csv,,no analytics training rows for this make/model; only one dataset source; not supported by analytics base or Open EV merge path
Peugeot,e-308 SW,,high,0,0,0,1,electric_vehicles_spec_2025.csv.csv,,no analytics training rows for this make/model; only one dataset source; not supported by analytics base or Open EV merge path
Peugeot,e-408,2024,high,0,0,1,1,open-ev-data-v1.24.0.csv,,no analytics training rows for this make/model; only one dataset source
Peugeot,e-408,2025,high,0,0,1,1,open-ev-data-v1.24.0.csv,,no analytics training rows for this make/model; only one dataset source
Peugeot,e-408 58 kWh,,high,0,0,0,1,electric_vehicles_spec_2025.csv.csv,,no analytics training rows for this make/model; only one dataset source; not supported by analytics base or Open EV merge path
Peugeot,e-5008,2024,high,0,0,2,1,open-ev-data-v1.24.0.csv,,no analytics training rows for this make/model; only one dataset source
Peugeot,e-5008,2025,high,0,0,3,1,open-ev-data-v1.24.0.csv,,no analytics training rows for this make/model; only one dataset source
Peugeot,e-5008 73 kWh,,high,0,0,0,1,electric_vehicles_spec_2025.csv.csv,,no analytics training rows for this make/model; only one dataset source; not supported by analytics base or Open EV merge path
Peugeot,e-5008 73 kWh Dual Motor,,high,0,0,0,1,electric_vehicles_spec_2025.csv.csv,,no analytics training rows for this make/model; only one dataset source; not supported by analytics base or Open EV merge path
Peugeot,e-5008 97 kWh Long Range,,high,0,0,0,1,electric_vehicles_spec_2025.csv.csv,,no analytics training rows for this make/model; only one dataset source; not supported by analytics base or Open EV merge path
Peugeot,e-Rifter M 50 kWh,,high,0,0,0,1,electric_vehicles_spec_2025.csv.csv,,no analytics training rows for this make/model; only one dataset source; not supported by analytics base or Open EV merge path
Peugeot,e-Rifter XL 50 kWh,,high,0,0,0,1,electric_vehicles_spec_2025.csv.csv,,no analytics training rows for this make/model; only one dataset source; not supported by analytics base or Open EV merge path
Peugeot,e-Traveller L2 50 kWh,,high,0,0,0,1,electric_vehicles_spec_2025.csv.csv,,no analytics training rows for this make/model; only one dataset source; not supported by analytics base or Open EV merge path
Peugeot,e-Traveller L2 75 kWh,,high,0,0,0,1,electric_vehicles_spec_2025.csv.csv,,no analytics training rows for this make/model; only one dataset source; not supported by analytics base or Open EV merge path
Peugeot,e-Traveller L3 50 kWh,,high,0,0,0,1,electric_vehicles_spec_2025.csv.csv,,no analytics training rows for this make/model; only one dataset source; not supported by analytics base or Open EV merge path
Peugeot,e-Traveller L3 75 kWh,,high,0,0,0,1,electric_vehicles_spec_2025.csv.csv,,no analytics training rows for this make/model; only one dataset source; not supported by analytics base or Open EV merge path
Polestar,2 Long Range Dual Motor (MY26),,high,0,0,0,1,electric_vehicles_spec_2025.csv.csv,,no analytics training rows for this make/model; only one dataset source; not supported by analytics base or Open EV merge path
Polestar,2 Long Range Performance (MY26),,high,0,0,0,1,electric_vehicles_spec_2025.csv.csv,,no analytics training rows for this make/model; only one dataset source; not supported by analytics base or Open EV merge path
Polestar,2 Long Range Single Motor (MY26),,high,0,0,0,1,electric_vehicles_spec_2025.csv.csv,,no analytics training rows for this make/model; only one dataset source; not supported by analytics base or Open EV merge path
Polestar,2 Standard Range Single Motor (MY26),,high,0,0,0,1,electric_vehicles_spec_2025.csv.csv,,no analytics training rows for this make/model; only one dataset source; not supported by analytics base or Open EV merge path
Polestar,3 Long Range Dual motor,,high,0,0,0,1,electric_vehicles_spec_2025.csv.csv,,no analytics training rows for this make/model; only one dataset source; not supported by analytics base or Open EV merge path
Polestar,3 Long Range Performance,,high,0,0,0,1,electric_vehicles_spec_2025.csv.csv,,no analytics training rows for this make/model; only one dataset source; not supported by analytics base or Open EV merge path
Polestar,3 Long Range Single motor,,high,0,0,0,1,electric_vehicles_spec_2025.csv.csv,,no analytics training rows for this make/model; only one dataset source; not supported by analytics base or Open EV merge path
Polestar,4 Long Range Dual Motor,,high,0,0,0,1,electric_vehicles_spec_2025.csv.csv,,no analytics training rows for this make/model; only one dataset source; not supported by analytics base or Open EV merge path
Polestar,4 Long Range Single Motor,,high,0,0,0,1,electric_vehicles_spec_2025.csv.csv,,no analytics training rows for this make/model; only one dataset source; not supported by analytics base or Open EV merge path
Polestar,Polestar 2,2023,high,0,0,4,1,open-ev-data-v1.24.0.csv,,no analytics training rows for this make/model; only one dataset source
Polestar,Polestar 2,2024,high,0,0,4,1,open-ev-data-v1.24.0.csv,,no analytics training rows for this make/model; only one dataset source
Polestar,Polestar 2,2025,high,0,0,4,1,open-ev-data-v1.24.0.csv,,no analytics training rows for this make/model; only one dataset source
Polestar,Polestar 3,2024,high,0,0,3,1,open-ev-data-v1.24.0.csv,,no analytics training rows for this make/model; only one dataset source
Polestar,Polestar 3,2025,high,0,0,3,1,open-ev-data-v1.24.0.csv,,no analytics training rows for this make/model; only one dataset source
Polestar,Polestar 4,2024,high,0,0,3,1,open-ev-data-v1.24.0.csv,,no analytics training rows for this make/model; only one dataset source
Polestar,Polestar 4,2025,high,0,0,3,1,open-ev-data-v1.24.0.csv,,no analytics training rows for this make/model; only one dataset source
Polestar,Polestar 5,2025,high,0,0,2,1,open-ev-data-v1.24.0.csv,,no analytics training rows for this make/model; only one dataset source
Porsche,718 Boxster,2025,high,0,0,1,1,open-ev-data-v1.24.0.csv,,no analytics training rows for this make/model; only one dataset source
Porsche,718 Cayman,2025,high,0,0,1,1,open-ev-data-v1.24.0.csv,,no analytics training rows for this make/model; only one dataset source
Porsche,Macan,2024,high,0,0,2,1,open-ev-data-v1.24.0.csv,,no analytics training rows for this make/model; only one dataset source
Porsche,Macan,2025,high,0,0,2,1,open-ev-data-v1.24.0.csv,,no analytics training rows for this make/model; only one dataset source
Porsche,Macan 4 Electric,,high,0,0,0,1,electric_vehicles_spec_2025.csv.csv,,no analytics training rows for this make/model; only one dataset source; not supported by analytics base or Open EV merge path
Porsche,Macan 4S Electric,,high,0,0,0,1,electric_vehicles_spec_2025.csv.csv,,no analytics training rows for this make/model; only one dataset source; not supported by analytics base or Open EV merge path
Porsche,Macan Electric,,high,0,0,0,1,electric_vehicles_spec_2025.csv.csv,,no analytics training rows for this make/model; only one dataset source; not supported by analytics base or Open EV merge path
Porsche,Macan Turbo Electric,,high,0,0,0,1,electric_vehicles_spec_2025.csv.csv,,no analytics training rows for this make/model; only one dataset source; not supported by analytics base or Open EV merge path
Porsche,Taycan,,high,0,0,0,1,electric_vehicles_spec_2025.csv.csv,,no analytics training rows for this make/model; only one dataset source; not supported by analytics base or Open EV merge path
Porsche,Taycan,2023,high,0,0,4,1,open-ev-data-v1.24.0.csv,,no analytics training rows for this make/model; only one dataset source
Porsche,Taycan,2024,high,0,0,5,1,open-ev-data-v1.24.0.csv,,no analytics training rows for this make/model; only one dataset source
Porsche,Taycan,2025,high,0,0,5,1,open-ev-data-v1.24.0.csv,,no analytics training rows for this make/model; only one dataset source
Porsche,Taycan 4,,high,0,0,0,1,electric_vehicles_spec_2025.csv.csv,,no analytics training rows for this make/model; only one dataset source; not supported by analytics base or Open EV merge path
Porsche,Taycan 4 Cross Turismo,,high,0,0,0,1,electric_vehicles_spec_2025.csv.csv,,no analytics training rows for this make/model; only one dataset source; not supported by analytics base or Open EV merge path
Porsche,Taycan 4 Plus,,high,0,0,0,1,electric_vehicles_spec_2025.csv.csv,,no analytics training rows for this make/model; only one dataset source; not supported by analytics base or Open EV merge path
Porsche,Taycan 4S,,high,0,0,0,1,electric_vehicles_spec_2025.csv.csv,,no analytics training rows for this make/model; only one dataset source; not supported by analytics base or Open EV merge path
Porsche,Taycan 4S Cross Turismo,,high,0,0,0,1,electric_vehicles_spec_2025.csv.csv,,no analytics training rows for this make/model; only one dataset source; not supported by analytics base or Open EV merge path
Porsche,Taycan 4S Plus,,high,0,0,0,1,electric_vehicles_spec_2025.csv.csv,,no analytics training rows for this make/model; only one dataset source; not supported by analytics base or Open EV merge path
Porsche,Taycan 4S Plus Sport Turismo,,high,0,0,0,1,electric_vehicles_spec_2025.csv.csv,,no analytics training rows for this make/model; only one dataset source; not supported by analytics base or Open EV merge path
Porsche,Taycan 4S Sport Turismo,,high,0,0,0,1,electric_vehicles_spec_2025.csv.csv,,no analytics training rows for this make/model; only one dataset source; not supported by analytics base or Open EV merge path
Porsche,Taycan GTS,,high,0,0,0,1,electric_vehicles_spec_2025.csv.csv,,no analytics training rows for this make/model; only one dataset source; not supported by analytics base or Open EV merge path
Porsche,Taycan GTS Sport Turismo,,high,0,0,0,1,electric_vehicles_spec_2025.csv.csv,,no analytics training rows for this make/model; only one dataset source; not supported by analytics base or Open EV merge path
Porsche,Taycan Plus,,high,0,0,0,1,electric_vehicles_spec_2025.csv.csv,,no analytics training rows for this make/model; only one dataset source; not supported by analytics base or Open EV merge path
Porsche,Taycan Plus Sport Turismo,,high,0,0,0,1,electric_vehicles_spec_2025.csv.csv,,no analytics training rows for this make/model; only one dataset source; not supported by analytics base or Open EV merge path
Porsche,Taycan Sport Turismo,,high,0,0,0,1,electric_vehicles_spec_2025.csv.csv,,no analytics training rows for this make/model; only one dataset source; not supported by analytics base or Open EV merge path
Porsche,Taycan Turbo,,high,0,0,0,1,electric_vehicles_spec_2025.csv.csv,,no analytics training rows for this make/model; only one dataset source; not supported by analytics base or Open EV merge path
Porsche,Taycan Turbo Cross Turismo,,high,0,0,0,1,electric_vehicles_spec_2025.csv.csv,,no analytics training rows for this make/model; only one dataset source; not supported by analytics base or Open EV merge path
Porsche,Taycan Turbo GT,,high,0,0,0,1,electric_vehicles_spec_2025.csv.csv,,no analytics training rows for this make/model; only one dataset source; not supported by analytics base or Open EV merge path
Porsche,Taycan Turbo GT Weissach,,high,0,0,0,1,electric_vehicles_spec_2025.csv.csv,,no analytics training rows for this make/model; only one dataset source; not supported by analytics base or Open EV merge path
Porsche,Taycan Turbo S,,high,0,0,0,1,electric_vehicles_spec_2025.csv.csv,,no analytics training rows for this make/model; only one dataset source; not supported by analytics base or Open EV merge path
Porsche,Taycan Turbo S Cross Turismo,,high,0,0,0,1,electric_vehicles_spec_2025.csv.csv,,no analytics training rows for this make/model; only one dataset source; not supported by analytics base or Open EV merge path
Porsche,Taycan Turbo S Sport Turismo,,high,0,0,0,1,electric_vehicles_spec_2025.csv.csv,,no analytics training rows for this make/model; only one dataset source; not supported by analytics base or Open EV merge path
Porsche,Taycan Turbo Sport Turismo,,high,0,0,0,1,electric_vehicles_spec_2025.csv.csv,,no analytics training rows for this make/model; only one dataset source; not supported by analytics base or Open EV merge path
Renault,4 E-Tech,2025,high,0,0,2,1,open-ev-data-v1.24.0.csv,,no analytics training rows for this make/model; only one dataset source
Renault,4 E-Tech 40kWh 120hp,,high,0,0,0,1,electric_vehicles_spec_2025.csv.csv,,no analytics training rows for this make/model; only one dataset source; not supported by analytics base or Open EV merge path
Renault,4 E-Tech 52kWh 150hp,,high,0,0,0,1,electric_vehicles_spec_2025.csv.csv,,no analytics training rows for this make/model; only one dataset source; not supported by analytics base or Open EV merge path
Renault,5 E-Tech,2024,high,0,0,3,1,open-ev-data-v1.24.0.csv,,no analytics training rows for this make/model; only one dataset source
Renault,5 E-Tech,2025,high,0,0,3,1,open-ev-data-v1.24.0.csv,,no analytics training rows for this make/model; only one dataset source
Renault,5 E-Tech 40kWh 120hp,,high,0,0,0,1,electric_vehicles_spec_2025.csv.csv,,no analytics training rows for this make/model; only one dataset source; not supported by analytics base or Open EV merge path
Renault,5 E-Tech 40kWh 95hp,,high,0,0,0,1,electric_vehicles_spec_2025.csv.csv,maxChargingPower_kW,no analytics training rows for this make/model; only one dataset source; missing planner reference field: maxChargingPower_kW; not supported by analytics base or Open EV merge path
Renault,5 E-Tech 52kWh 150hp,,high,0,0,0,1,electric_vehicles_spec_2025.csv.csv,,no analytics training rows for this make/model; only one dataset source; not supported by analytics base or Open EV merge path
Renault,Kangoo E-Tech,2023,high,0,0,1,1,open-ev-data-v1.24.0.csv,,no analytics training rows for this make/model; only one dataset source
Renault,Kangoo E-Tech,2024,high,0,0,1,1,open-ev-data-v1.24.0.csv,,no analytics training rows for this make/model; only one dataset source
Renault,Kangoo E-Tech,2025,high,0,0,1,1,open-ev-data-v1.24.0.csv,,no analytics training rows for this make/model; only one dataset source
Renault,Kangoo E-Tech Electric,,high,0,0,0,1,electric_vehicles_spec_2025.csv.csv,,no analytics training rows for this make/model; only one dataset source; not supported by analytics base or Open EV merge path
Renault,Kangoo Grand E-Tech Electric,,high,0,0,0,1,electric_vehicles_spec_2025.csv.csv,,no analytics training rows for this make/model; only one dataset source; not supported by analytics base or Open EV merge path
Renault,Megane E-Tech EV60 130hp (TU2025),,high,0,0,0,1,electric_vehicles_spec_2025.csv.csv,,no analytics training rows for this make/model; only one dataset source; not supported by analytics base or Open EV merge path
Renault,Megane E-Tech EV60 220hp (TU2025),,high,0,0,0,1,electric_vehicles_spec_2025.csv.csv,,no analytics training rows for this make/model; only one dataset source; not supported by analytics base or Open EV merge path
Renault,Megane E-Tech Electric,2023,high,0,0,2,1,open-ev-data-v1.24.0.csv,,no analytics training rows for this make/model; only one dataset source
Renault,Megane E-Tech Electric,2024,high,0,0,2,1,open-ev-data-v1.24.0.csv,,no analytics training rows for this make/model; only one dataset source
Renault,Megane E-Tech Electric,2025,high,0,0,2,1,open-ev-data-v1.24.0.csv,,no analytics training rows for this make/model; only one dataset source
Renault,Scenic E-Tech,2024,high,0,0,2,1,open-ev-data-v1.24.0.csv,,no analytics training rows for this make/model; only one dataset source
Renault,Scenic E-Tech,2025,high,0,0,2,1,open-ev-data-v1.24.0.csv,,no analytics training rows for this make/model; only one dataset source
Renault,Scenic E-Tech EV60 170hp,,high,0,0,0,1,electric_vehicles_spec_2025.csv.csv,,no analytics training rows for this make/model; only one dataset source; not supported by analytics base or Open EV merge path
Renault,Scenic E-Tech EV87 220hp,,high,0,0,0,1,electric_vehicles_spec_2025.csv.csv,,no analytics training rows for this make/model; only one dataset source; not supported by analytics base or Open EV merge path
Rimac,Nevera,2023,high,0,0,1,1,open-ev-data-v1.24.0.csv,,no analytics training rows for this make/model; only one dataset source
Rimac,Nevera,2024,high,0,0,1,1,open-ev-data-v1.24.0.csv,,no analytics training rows for this make/model; only one dataset source
Rimac,Nevera,2025,high,0,0,2,1,open-ev-data-v1.24.0.csv,,no analytics training rows for this make/model; only one dataset source
Rising Auto,F7,2023,high,0,0,1,1,open-ev-data-v1.24.0.csv,"efficiency_wh_per_km, top_speed_kmh",no analytics training rows for this make/model; only one dataset source; multiple planner reference specs would fall back to defaults
Rising Auto,F7,2024,high,0,0,1,1,open-ev-data-v1.24.0.csv,"efficiency_wh_per_km, top_speed_kmh",no analytics training rows for this make/model; only one dataset source; multiple planner reference specs would fall back to defaults
Rising Auto,F7,2025,high,0,0,1,1,open-ev-data-v1.24.0.csv,"efficiency_wh_per_km, top_speed_kmh",no analytics training rows for this make/model; only one dataset source; multiple planner reference specs would fall back to defaults
Rising Auto,R7,2023,high,0,0,2,1,open-ev-data-v1.24.0.csv,"efficiency_wh_per_km, top_speed_kmh",no analytics training rows for this make/model; only one dataset source; multiple planner reference specs would fall back to defaults
Rising Auto,R7,2024,high,0,0,2,1,open-ev-data-v1.24.0.csv,"efficiency_wh_per_km, top_speed_kmh",no analytics training rows for this make/model; only one dataset source; multiple planner reference specs would fall back to defaults
Rising Auto,R7,2025,high,0,0,2,1,open-ev-data-v1.24.0.csv,"efficiency_wh_per_km, top_speed_kmh",no analytics training rows for this make/model; only one dataset source; multiple planner reference specs would fall back to defaults
Rivian,R1S,2023,high,0,0,4,1,open-ev-data-v1.24.0.csv,,no analytics training rows for this make/model; only one dataset source
Rivian,R1S,2024,high,0,0,4,1,open-ev-data-v1.24.0.csv,,no analytics training rows for this make/model; only one dataset source
Rivian,R1S,2025,high,0,0,4,1,open-ev-data-v1.24.0.csv,,no analytics training rows for this make/model; only one dataset source
Rivian,R1T,2023,high,0,0,4,1,open-ev-data-v1.24.0.csv,,no analytics training rows for this make/model; only one dataset source
Rivian,R1T,2024,high,0,0,4,1,open-ev-data-v1.24.0.csv,,no analytics training rows for this make/model; only one dataset source
Rivian,R1T,2025,high,0,0,4,1,open-ev-data-v1.24.0.csv,,no analytics training rows for this make/model; only one dataset source
Roewe,D6,2025,high,0,0,1,1,open-ev-data-v1.24.0.csv,"efficiency_wh_per_km, top_speed_kmh",no analytics training rows for this make/model; only one dataset source; multiple planner reference specs would fall back to defaults
Roewe,D7,2023,high,0,0,2,1,open-ev-data-v1.24.0.csv,"efficiency_wh_per_km, top_speed_kmh",no analytics training rows for this make/model; only one dataset source; multiple planner reference specs would fall back to defaults
Roewe,D7,2024,high,0,0,2,1,open-ev-data-v1.24.0.csv,"efficiency_wh_per_km, top_speed_kmh",no analytics training rows for this make/model; only one dataset source; multiple planner reference specs would fall back to defaults
Roewe,D7,2025,high,0,0,2,1,open-ev-data-v1.24.0.csv,"efficiency_wh_per_km, top_speed_kmh",no analytics training rows for this make/model; only one dataset source; multiple planner reference specs would fall back to defaults
Rolls-Royce,Spectre,,high,0,0,0,1,electric_vehicles_spec_2025.csv.csv,,no analytics training rows for this make/model; only one dataset source; not supported by analytics base or Open EV merge path
Rolls-Royce,Spectre,2023,high,0,0,1,1,open-ev-data-v1.24.0.csv,,no analytics training rows for this make/model; only one dataset source
Rolls-Royce,Spectre,2024,high,0,0,1,1,open-ev-data-v1.24.0.csv,,no analytics training rows for this make/model; only one dataset source
Rolls-Royce,Spectre,2025,high,0,0,2,1,open-ev-data-v1.24.0.csv,,no analytics training rows for this make/model; only one dataset source
Skoda,Elroq 50,,high,0,0,0,1,electric_vehicles_spec_2025.csv.csv,,no analytics training rows for this make/model; only one dataset source; not supported by analytics base or Open EV merge path
Skoda,Elroq 60,,high,0,0,0,1,electric_vehicles_spec_2025.csv.csv,,no analytics training rows for this make/model; only one dataset source; not supported by analytics base or Open EV merge path
Skoda,Elroq 85,,high,0,0,0,1,electric_vehicles_spec_2025.csv.csv,,no analytics training rows for this make/model; only one dataset source; not supported by analytics base or Open EV merge path
Skoda,Elroq RS,,high,0,0,0,1,electric_vehicles_spec_2025.csv.csv,,no analytics training rows for this make/model; only one dataset source; not supported by analytics base or Open EV merge path
Skoda,Enyaq 60,,high,0,0,0,1,electric_vehicles_spec_2025.csv.csv,,no analytics training rows for this make/model; only one dataset source; not supported by analytics base or Open EV merge path
Skoda,Enyaq 85,,high,0,0,0,1,electric_vehicles_spec_2025.csv.csv,,no analytics training rows for this make/model; only one dataset source; not supported by analytics base or Open EV merge path
Skoda,Enyaq 85x,,high,0,0,0,1,electric_vehicles_spec_2025.csv.csv,,no analytics training rows for this make/model; only one dataset source; not supported by analytics base or Open EV merge path
Skoda,Enyaq Coupe 60,,high,0,0,0,1,electric_vehicles_spec_2025.csv.csv,,no analytics training rows for this make/model; only one dataset source; not supported by analytics base or Open EV merge path
Skoda,Enyaq Coupe 85,,high,0,0,0,1,electric_vehicles_spec_2025.csv.csv,,no analytics training rows for this make/model; only one dataset source; not supported by analytics base or Open EV merge path
Skoda,Enyaq Coupe 85x,,high,0,0,0,1,electric_vehicles_spec_2025.csv.csv,,no analytics training rows for this make/model; only one dataset source; not supported by analytics base or Open EV merge path
Skoda,Enyaq Coupe RS,,high,0,0,0,1,electric_vehicles_spec_2025.csv.csv,,no analytics training rows for this make/model; only one dataset source; not supported by analytics base or Open EV merge path
Skoda,Enyaq RS,,high,0,0,0,1,electric_vehicles_spec_2025.csv.csv,,no analytics training rows for this make/model; only one dataset source; not supported by analytics base or Open EV merge path
Skywell,BE11 Long Range,,high,0,0,0,1,electric_vehicles_spec_2025.csv.csv,,no analytics training rows for this make/model; only one dataset source; not supported by analytics base or Open EV merge path
Skywell,BE11 Standard Range,,high,0,0,0,1,electric_vehicles_spec_2025.csv.csv,,no analytics training rows for this make/model; only one dataset source; not supported by analytics base or Open EV merge path
Smart,#1,2023,high,0,0,1,1,open-ev-data-v1.24.0.csv,,no analytics training rows for this make/model; only one dataset source
Smart,#1,2024,high,0,0,1,1,open-ev-data-v1.24.0.csv,,no analytics training rows for this make/model; only one dataset source
Smart,#1,2025,high,0,0,1,1,open-ev-data-v1.24.0.csv,,no analytics training rows for this make/model; only one dataset source
Smart,#1 Brabus,,high,0,0,0,1,electric_vehicles_spec_2025.csv.csv,,no analytics training rows for this make/model; only one dataset source; not supported by analytics base or Open EV merge path
Smart,#1 Premium,,high,0,0,0,1,electric_vehicles_spec_2025.csv.csv,,no analytics training rows for this make/model; only one dataset source; not supported by analytics base or Open EV merge path
Smart,#1 Pro,,high,0,0,0,1,electric_vehicles_spec_2025.csv.csv,,no analytics training rows for this make/model; only one dataset source; not supported by analytics base or Open EV merge path
Smart,#1 Pro+,,high,0,0,0,1,electric_vehicles_spec_2025.csv.csv,,no analytics training rows for this make/model; only one dataset source; not supported by analytics base or Open EV merge path
Smart,#1 Pulse,,high,0,0,0,1,electric_vehicles_spec_2025.csv.csv,,no analytics training rows for this make/model; only one dataset source; not supported by analytics base or Open EV merge path
Smart,#1 Pure,,high,0,0,0,1,electric_vehicles_spec_2025.csv.csv,,no analytics training rows for this make/model; only one dataset source; not supported by analytics base or Open EV merge path
Smart,#1 Pure+,,high,0,0,0,1,electric_vehicles_spec_2025.csv.csv,,no analytics training rows for this make/model; only one dataset source; not supported by analytics base or Open EV merge path
Smart,#3,2024,high,0,0,1,1,open-ev-data-v1.24.0.csv,,no analytics training rows for this make/model; only one dataset source
Smart,#3,2025,high,0,0,1,1,open-ev-data-v1.24.0.csv,,no analytics training rows for this make/model; only one dataset source
Smart,#3 Brabus,,high,0,0,0,1,electric_vehicles_spec_2025.csv.csv,,no analytics training rows for this make/model; only one dataset source; not supported by analytics base or Open EV merge path
Smart,#3 Premium,,high,0,0,0,1,electric_vehicles_spec_2025.csv.csv,,no analytics training rows for this make/model; only one dataset source; not supported by analytics base or Open EV merge path
Smart,#3 Pro,,high,0,0,0,1,electric_vehicles_spec_2025.csv.csv,,no analytics training rows for this make/model; only one dataset source; not supported by analytics base or Open EV merge path
Smart,#3 Pro+,,high,0,0,0,1,electric_vehicles_spec_2025.csv.csv,,no analytics training rows for this make/model; only one dataset source; not supported by analytics base or Open EV merge path
Smart,#5 Brabus,,high,0,0,0,1,electric_vehicles_spec_2025.csv.csv,,no analytics training rows for this make/model; only one dataset source; not supported by analytics base or Open EV merge path
Smart,#5 Premium,,high,0,0,0,1,electric_vehicles_spec_2025.csv.csv,,no analytics training rows for this make/model; only one dataset source; not supported by analytics base or Open EV merge path
Smart,#5 Pro,,high,0,0,0,1,electric_vehicles_spec_2025.csv.csv,,no analytics training rows for this make/model; only one dataset source; not supported by analytics base or Open EV merge path
Smart,#5 Pro+,,high,0,0,0,1,electric_vehicles_spec_2025.csv.csv,,no analytics training rows for this make/model; only one dataset source; not supported by analytics base or Open EV merge path
Smart,#5 Pulse,,high,0,0,0,1,electric_vehicles_spec_2025.csv.csv,,no analytics training rows for this make/model; only one dataset source; not supported by analytics base or Open EV merge path
Smart,#5 Summit Edition,,high,0,0,0,1,electric_vehicles_spec_2025.csv.csv,,no analytics training rows for this make/model; only one dataset source; not supported by analytics base or Open EV merge path
Subaru,Solterra AWD,,high,0,0,0,1,electric_vehicles_spec_2025.csv.csv,,no analytics training rows for this make/model; only one dataset source; not supported by analytics base or Open EV merge path
Tata Motors,Harrier EV,2025,high,0,0,2,1,open-ev-data-v1.24.0.csv,"efficiency_wh_per_km, top_speed_kmh",no analytics training rows for this make/model; only one dataset source; multiple planner reference specs would fall back to defaults
Tata Motors,Nexon EV,2023,high,0,0,1,1,open-ev-data-v1.24.0.csv,"efficiency_wh_per_km, top_speed_kmh",no analytics training rows for this make/model; only one dataset source; multiple planner reference specs would fall back to defaults
Tata Motors,Nexon EV,2024,high,0,0,1,1,open-ev-data-v1.24.0.csv,"efficiency_wh_per_km, top_speed_kmh",no analytics training rows for this make/model; only one dataset source; multiple planner reference specs would fall back to defaults
Tata Motors,Nexon EV,2025,high,0,0,1,1,open-ev-data-v1.24.0.csv,"efficiency_wh_per_km, top_speed_kmh",no analytics training rows for this make/model; only one dataset source; multiple planner reference specs would fall back to defaults
Tata Motors,Punch EV,2023,high,0,0,1,1,open-ev-data-v1.24.0.csv,"efficiency_wh_per_km, top_speed_kmh",no analytics training rows for this make/model; only one dataset source; multiple planner reference specs would fall back to defaults
Tata Motors,Punch EV,2024,high,0,0,1,1,open-ev-data-v1.24.0.csv,"efficiency_wh_per_km, top_speed_kmh",no analytics training rows for this make/model; only one dataset source; multiple planner reference specs would fall back to defaults
Tata Motors,Punch EV,2025,high,0,0,1,1,open-ev-data-v1.24.0.csv,"efficiency_wh_per_km, top_speed_kmh",no analytics training rows for this make/model; only one dataset source; multiple planner reference specs would fall back to defaults
Tata Motors,Sierra EV,2025,high,0,0,1,1,open-ev-data-v1.24.0.csv,"efficiency_wh_per_km, top_speed_kmh",no analytics training rows for this make/model; only one dataset source; multiple planner reference specs would fall back to defaults
Tata Motors,Tiago EV,2023,high,0,0,2,1,open-ev-data-v1.24.0.csv,"efficiency_wh_per_km, top_speed_kmh",no analytics training rows for this make/model; only one dataset source; multiple planner reference specs would fall back to defaults
Tata Motors,Tiago EV,2024,high,0,0,2,1,open-ev-data-v1.24.0.csv,"efficiency_wh_per_km, top_speed_kmh",no analytics training rows for this make/model; only one dataset source; multiple planner reference specs would fall back to defaults
Tata Motors,Tiago EV,2025,high,0,0,2,1,open-ev-data-v1.24.0.csv,"efficiency_wh_per_km, top_speed_kmh",no analytics training rows for this make/model; only one dataset source; multiple planner reference specs would fall back to defaults
Tata Motors,Tigor EV,2023,high,0,0,1,1,open-ev-data-v1.24.0.csv,"efficiency_wh_per_km, top_speed_kmh",no analytics training rows for this make/model; only one dataset source; multiple planner reference specs would fall back to defaults
Tata Motors,Tigor EV,2024,high,0,0,1,1,open-ev-data-v1.24.0.csv,"efficiency_wh_per_km, top_speed_kmh",no analytics training rows for this make/model; only one dataset source; multiple planner reference specs would fall back to defaults
Tata Motors,Tigor EV,2025,high,0,0,1,1,open-ev-data-v1.24.0.csv,"efficiency_wh_per_km, top_speed_kmh",no analytics training rows for this make/model; only one dataset source; multiple planner reference specs would fall back to defaults
Tesla,Cybertruck,2024,high,0,0,3,1,open-ev-data-v1.24.0.csv,torque_nm,no analytics training rows for this make/model; only one dataset source; missing planner reference field: torque_nm
Tesla,Cybertruck,2025,high,0,0,3,1,open-ev-data-v1.24.0.csv,torque_nm,no analytics training rows for this make/model; only one dataset source; missing planner reference field: torque_nm
Tesla,Model 3 Long Range AWD (Highland),,high,0,0,0,1,electric_vehicles_spec_2025.csv.csv,,no analytics training rows for this make/model; only one dataset source; not supported by analytics base or Open EV merge path
Tesla,Model 3 Long Range RWD (Highland),,high,0,0,0,1,electric_vehicles_spec_2025.csv.csv,,no analytics training rows for this make/model; only one dataset source; not supported by analytics base or Open EV merge path
Tesla,Model 3 Performance (Highland),,high,0,0,0,1,electric_vehicles_spec_2025.csv.csv,,no analytics training rows for this make/model; only one dataset source; not supported by analytics base or Open EV merge path
Tesla,Model 3 RWD (Highland CATL LFP64),,high,0,0,0,1,electric_vehicles_spec_2025.csv.csv,,no analytics training rows for this make/model; only one dataset source; not supported by analytics base or Open EV merge path
Tesla,Model S Dual Motor,,high,0,0,0,1,electric_vehicles_spec_2025.csv.csv,torque_nm,no analytics training rows for this make/model; only one dataset source; missing planner reference field: torque_nm; not supported by analytics base or Open EV merge path
Tesla,Model S Plaid,,high,0,0,0,1,electric_vehicles_spec_2025.csv.csv,torque_nm,no analytics training rows for this make/model; only one dataset source; missing planner reference field: torque_nm; not supported by analytics base or Open EV merge path
Tesla,Model X Dual Motor,,high,0,0,0,1,electric_vehicles_spec_2025.csv.csv,torque_nm,no analytics training rows for this make/model; only one dataset source; missing planner reference field: torque_nm; not supported by analytics base or Open EV merge path
Tesla,Model X Plaid,,high,0,0,0,1,electric_vehicles_spec_2025.csv.csv,torque_nm,no analytics training rows for this make/model; only one dataset source; missing planner reference field: torque_nm; not supported by analytics base or Open EV merge path
Tesla,Model Y Long Range AWD (Juniper),,high,0,0,0,1,electric_vehicles_spec_2025.csv.csv,,no analytics training rows for this make/model; only one dataset source; not supported by analytics base or Open EV merge path
Tesla,Model Y Long Range RWD (Juniper),,high,0,0,0,1,electric_vehicles_spec_2025.csv.csv,,no analytics training rows for this make/model; only one dataset source; not supported by analytics base or Open EV merge path
Tesla,Model Y RWD (Juniper),,high,0,0,0,1,electric_vehicles_spec_2025.csv.csv,,no analytics training rows for this make/model; only one dataset source; not supported by analytics base or Open EV merge path
Toyota,C-HR+,2025,high,0,0,2,1,open-ev-data-v1.24.0.csv,,no analytics training rows for this make/model; only one dataset source
Toyota,PROACE Verso L 75 kWh,,high,0,0,0,1,electric_vehicles_spec_2025.csv.csv,,no analytics training rows for this make/model; only one dataset source; not supported by analytics base or Open EV merge path
Toyota,PROACE Verso M 50 kWh,,high,0,0,0,1,electric_vehicles_spec_2025.csv.csv,,no analytics training rows for this make/model; only one dataset source; not supported by analytics base or Open EV merge path
Toyota,PROACE Verso M 75 kWh,,high,0,0,0,1,electric_vehicles_spec_2025.csv.csv,,no analytics training rows for this make/model; only one dataset source; not supported by analytics base or Open EV merge path
Toyota,Proace City Verso Electric L1 50 kWh,,high,0,0,0,1,electric_vehicles_spec_2025.csv.csv,,no analytics training rows for this make/model; only one dataset source; not supported by analytics base or Open EV merge path
Toyota,Proace City Verso Electric L2 50 kWh,,high,0,0,0,1,electric_vehicles_spec_2025.csv.csv,,no analytics training rows for this make/model; only one dataset source; not supported by analytics base or Open EV merge path
Toyota,Urban Cruiser,2025,high,0,0,2,1,open-ev-data-v1.24.0.csv,,no analytics training rows for this make/model; only one dataset source
Toyota,bZ3,2023,high,0,0,1,1,open-ev-data-v1.24.0.csv,efficiency_wh_per_km,no analytics training rows for this make/model; only one dataset source; missing planner reference field: efficiency_wh_per_km
Toyota,bZ3,2024,high,0,0,1,1,open-ev-data-v1.24.0.csv,efficiency_wh_per_km,no analytics training rows for this make/model; only one dataset source; missing planner reference field: efficiency_wh_per_km
Toyota,bZ3,2025,high,0,0,1,1,open-ev-data-v1.24.0.csv,efficiency_wh_per_km,no analytics training rows for this make/model; only one dataset source; missing planner reference field: efficiency_wh_per_km
Toyota,bZ3X,2025,high,0,0,3,1,open-ev-data-v1.24.0.csv,efficiency_wh_per_km,no analytics training rows for this make/model; only one dataset source; missing planner reference field: efficiency_wh_per_km
Toyota,bZ4X,2023,high,0,0,2,1,open-ev-data-v1.24.0.csv,,no analytics training rows for this make/model; only one dataset source
Toyota,bZ4X,2024,high,0,0,2,1,open-ev-data-v1.24.0.csv,,no analytics training rows for this make/model; only one dataset source
Toyota,bZ4X,2025,high,0,0,2,1,open-ev-data-v1.24.0.csv,,no analytics training rows for this make/model; only one dataset source
Toyota,bZ4X AWD,,high,0,0,0,1,electric_vehicles_spec_2025.csv.csv,,no analytics training rows for this make/model; only one dataset source; not supported by analytics base or Open EV merge path
Toyota,bZ4X FWD,,high,0,0,0,1,electric_vehicles_spec_2025.csv.csv,,no analytics training rows for this make/model; only one dataset source; not supported by analytics base or Open EV merge path
Toyota,bZ5,2025,high,0,0,1,1,open-ev-data-v1.24.0.csv,efficiency_wh_per_km,no analytics training rows for this make/model; only one dataset source; missing planner reference field: efficiency_wh_per_km
Toyota,bZ7,2025,high,0,0,1,1,open-ev-data-v1.24.0.csv,efficiency_wh_per_km,no analytics training rows for this make/model; only one dataset source; missing planner reference field: efficiency_wh_per_km
VinFast,EC Van,2025,high,0,0,1,1,open-ev-data-v1.24.0.csv,"efficiency_wh_per_km, top_speed_kmh, torque_nm",no analytics training rows for this make/model; only one dataset source; multiple planner reference specs would fall back to defaults
VinFast,VF 3,2023,high,0,0,1,1,open-ev-data-v1.24.0.csv,"efficiency_wh_per_km, torque_nm",no analytics training rows for this make/model; only one dataset source; multiple planner reference specs would fall back to defaults
VinFast,VF 3,2024,high,0,0,1,1,open-ev-data-v1.24.0.csv,"efficiency_wh_per_km, torque_nm",no analytics training rows for this make/model; only one dataset source; multiple planner reference specs would fall back to defaults
VinFast,VF 3,2025,high,0,0,1,1,open-ev-data-v1.24.0.csv,"efficiency_wh_per_km, torque_nm",no analytics training rows for this make/model; only one dataset source; multiple planner reference specs would fall back to defaults
VinFast,VF 5,2023,high,0,0,1,1,open-ev-data-v1.24.0.csv,"efficiency_wh_per_km, top_speed_kmh, torque_nm",no analytics training rows for this make/model; only one dataset source; multiple planner reference specs would fall back to defaults
VinFast,VF 5,2024,high,0,0,1,1,open-ev-data-v1.24.0.csv,"efficiency_wh_per_km, top_speed_kmh, torque_nm",no analytics training rows for this make/model; only one dataset source; multiple planner reference specs would fall back to defaults
VinFast,VF 5,2025,high,0,0,1,1,open-ev-data-v1.24.0.csv,"efficiency_wh_per_km, top_speed_kmh, torque_nm",no analytics training rows for this make/model; only one dataset source; multiple planner reference specs would fall back to defaults
VinFast,VF 6,2024,high,0,0,3,1,open-ev-data-v1.24.0.csv,"top_speed_kmh, torque_nm",no analytics training rows for this make/model; only one dataset source; multiple planner reference specs would fall back to defaults
VinFast,VF 6,2025,high,0,0,3,1,open-ev-data-v1.24.0.csv,"top_speed_kmh, torque_nm",no analytics training rows for this make/model; only one dataset source; multiple planner reference specs would fall back to defaults
VinFast,VF 7,2024,high,0,0,3,1,open-ev-data-v1.24.0.csv,"top_speed_kmh, torque_nm",no analytics training rows for this make/model; only one dataset source; multiple planner reference specs would fall back to defaults
VinFast,VF 7,2025,high,0,0,3,1,open-ev-data-v1.24.0.csv,"top_speed_kmh, torque_nm",no analytics training rows for this make/model; only one dataset source; multiple planner reference specs would fall back to defaults
VinFast,VF 8,2023,high,0,0,3,1,open-ev-data-v1.24.0.csv,,no analytics training rows for this make/model; only one dataset source
VinFast,VF 8,2024,high,0,0,3,1,open-ev-data-v1.24.0.csv,,no analytics training rows for this make/model; only one dataset source
VinFast,VF 8,2025,high,0,0,3,1,open-ev-data-v1.24.0.csv,,no analytics training rows for this make/model; only one dataset source
VinFast,VF 8 Eco Extended Range,,high,0,0,0,1,electric_vehicles_spec_2025.csv.csv,,no analytics training rows for this make/model; only one dataset source; not supported by analytics base or Open EV merge path
VinFast,VF 8 Plus Extended Range,,high,0,0,0,1,electric_vehicles_spec_2025.csv.csv,,no analytics training rows for this make/model; only one dataset source; not supported by analytics base or Open EV merge path
VinFast,VF 9,2023,high,0,0,1,1,open-ev-data-v1.24.0.csv,,no analytics training rows for this make/model; only one dataset source
VinFast,VF 9,2024,high,0,0,1,1,open-ev-data-v1.24.0.csv,,no analytics training rows for this make/model; only one dataset source
VinFast,VF 9,2025,high,0,0,1,1,open-ev-data-v1.24.0.csv,,no analytics training rows for this make/model; only one dataset source
VinFast,VF e34,2023,high,0,0,1,1,open-ev-data-v1.24.0.csv,"efficiency_wh_per_km, top_speed_kmh, torque_nm",no analytics training rows for this make/model; only one dataset source; multiple planner reference specs would fall back to defaults
VinFast,VF e34,2024,high,0,0,1,1,open-ev-data-v1.24.0.csv,"efficiency_wh_per_km, top_speed_kmh, torque_nm",no analytics training rows for this make/model; only one dataset source; multiple planner reference specs would fall back to defaults
VinFast,VF e34,2025,high,0,0,1,1,open-ev-data-v1.24.0.csv,"efficiency_wh_per_km, top_speed_kmh, torque_nm",no analytics training rows for this make/model; only one dataset source; multiple planner reference specs would fall back to defaults
Volkswagen,ID. Buzz,2023,high,0,0,2,1,open-ev-data-v1.24.0.csv,,no analytics training rows for this make/model; only one dataset source
Volkswagen,ID. Buzz,2024,high,0,0,2,1,open-ev-data-v1.24.0.csv,,no analytics training rows for this make/model; only one dataset source
Volkswagen,ID. Buzz,2025,high,0,0,2,1,open-ev-data-v1.24.0.csv,,no analytics training rows for this make/model; only one dataset source
Volkswagen,ID. Buzz LWB GTX,,high,0,0,0,1,electric_vehicles_spec_2025.csv.csv,,no analytics training rows for this make/model; only one dataset source; not supported by analytics base or Open EV merge path
Volkswagen,ID. Buzz LWB Pro,,high,0,0,0,1,electric_vehicles_spec_2025.csv.csv,,no analytics training rows for this make/model; only one dataset source; not supported by analytics base or Open EV merge path
Volkswagen,ID. Buzz NWB GTX,,high,0,0,0,1,electric_vehicles_spec_2025.csv.csv,,no analytics training rows for this make/model; only one dataset source; not supported by analytics base or Open EV merge path
Volkswagen,ID. Buzz NWB Pro,,high,0,0,0,1,electric_vehicles_spec_2025.csv.csv,,no analytics training rows for this make/model; only one dataset source; not supported by analytics base or Open EV merge path
Volkswagen,ID. Buzz NWB Pure,,high,0,0,0,1,electric_vehicles_spec_2025.csv.csv,,no analytics training rows for this make/model; only one dataset source; not supported by analytics base or Open EV merge path
Volkswagen,ID.3 GTX,,high,0,0,0,1,electric_vehicles_spec_2025.csv.csv,,no analytics training rows for this make/model; only one dataset source; not supported by analytics base or Open EV merge path
Volkswagen,ID.3 GTX Performance,,high,0,0,0,1,electric_vehicles_spec_2025.csv.csv,,no analytics training rows for this make/model; only one dataset source; not supported by analytics base or Open EV merge path
Volkswagen,ID.3 Pro,,high,0,0,0,1,electric_vehicles_spec_2025.csv.csv,,no analytics training rows for this make/model; only one dataset source; not supported by analytics base or Open EV merge path
Volkswagen,ID.3 Pro S,,high,0,0,0,1,electric_vehicles_spec_2025.csv.csv,,no analytics training rows for this make/model; only one dataset source; not supported by analytics base or Open EV merge path
Volkswagen,ID.3 Pure,,high,0,0,0,1,electric_vehicles_spec_2025.csv.csv,,no analytics training rows for this make/model; only one dataset source; not supported by analytics base or Open EV merge path
Volkswagen,ID.4 GTX,,high,0,0,0,1,electric_vehicles_spec_2025.csv.csv,,no analytics training rows for this make/model; only one dataset source; not supported by analytics base or Open EV merge path
Volkswagen,ID.4 Pro,,high,0,0,0,1,electric_vehicles_spec_2025.csv.csv,,no analytics training rows for this make/model; only one dataset source; not supported by analytics base or Open EV merge path
Volkswagen,ID.4 Pro 4MOTION,,high,0,0,0,1,electric_vehicles_spec_2025.csv.csv,,no analytics training rows for this make/model; only one dataset source; not supported by analytics base or Open EV merge path
Volkswagen,ID.4 Pure,,high,0,0,0,1,electric_vehicles_spec_2025.csv.csv,,no analytics training rows for this make/model; only one dataset source; not supported by analytics base or Open EV merge path
Volkswagen,ID.5,2023,high,0,0,2,1,open-ev-data-v1.24.0.csv,,no analytics training rows for this make/model; only one dataset source
Volkswagen,ID.5,2024,high,0,0,2,1,open-ev-data-v1.24.0.csv,,no analytics training rows for this make/model; only one dataset source
Volkswagen,ID.5,2025,high,0,0,2,1,open-ev-data-v1.24.0.csv,,no analytics training rows for this make/model; only one dataset source
Volkswagen,ID.5 GTX,,high,0,0,0,1,electric_vehicles_spec_2025.csv.csv,,no analytics training rows for this make/model; only one dataset source; not supported by analytics base or Open EV merge path
Volkswagen,ID.5 Pro,,high,0,0,0,1,electric_vehicles_spec_2025.csv.csv,,no analytics training rows for this make/model; only one dataset source; not supported by analytics base or Open EV merge path
Volkswagen,ID.5 Pure,,high,0,0,0,1,electric_vehicles_spec_2025.csv.csv,,no analytics training rows for this make/model; only one dataset source; not supported by analytics base or Open EV merge path
Volkswagen,ID.7,2024,high,0,0,2,1,open-ev-data-v1.24.0.csv,,no analytics training rows for this make/model; only one dataset source
Volkswagen,ID.7,2025,high,0,0,2,1,open-ev-data-v1.24.0.csv,,no analytics training rows for this make/model; only one dataset source
Volkswagen,ID.7 GTX,,high,0,0,0,1,electric_vehicles_spec_2025.csv.csv,,no analytics training rows for this make/model; only one dataset source; not supported by analytics base or Open EV merge path
Volkswagen,ID.7 Pro,,high,0,0,0,1,electric_vehicles_spec_2025.csv.csv,,no analytics training rows for this make/model; only one dataset source; not supported by analytics base or Open EV merge path
Volkswagen,ID.7 Pro S,,high,0,0,0,1,electric_vehicles_spec_2025.csv.csv,,no analytics training rows for this make/model; only one dataset source; not supported by analytics base or Open EV merge path
Volkswagen,ID.7 Tourer GTX,,high,0,0,0,1,electric_vehicles_spec_2025.csv.csv,,no analytics training rows for this make/model; only one dataset source; not supported by analytics base or Open EV merge path
Volkswagen,ID.7 Tourer Pro,,high,0,0,0,1,electric_vehicles_spec_2025.csv.csv,,no analytics training rows for this make/model; only one dataset source; not supported by analytics base or Open EV merge path
Volkswagen,ID.7 Tourer Pro S,,high,0,0,0,1,electric_vehicles_spec_2025.csv.csv,,no analytics training rows for this make/model; only one dataset source; not supported by analytics base or Open EV merge path
Volvo,EC40,2023,high,0,0,2,1,open-ev-data-v1.24.0.csv,,no analytics training rows for this make/model; only one dataset source
Volvo,EC40,2024,high,0,0,2,1,open-ev-data-v1.24.0.csv,,no analytics training rows for this make/model; only one dataset source
Volvo,EC40,2025,high,0,0,2,1,open-ev-data-v1.24.0.csv,,no analytics training rows for this make/model; only one dataset source
Volvo,EC40 Single Motor (MY26),,high,0,0,0,1,electric_vehicles_spec_2025.csv.csv,,no analytics training rows for this make/model; only one dataset source; not supported by analytics base or Open EV merge path
Volvo,EC40 Single Motor ER (MY26),,high,0,0,0,1,electric_vehicles_spec_2025.csv.csv,,no analytics training rows for this make/model; only one dataset source; not supported by analytics base or Open EV merge path
Volvo,EC40 Twin Motor (MY26),,high,0,0,0,1,electric_vehicles_spec_2025.csv.csv,,no analytics training rows for this make/model; only one dataset source; not supported by analytics base or Open EV merge path
Volvo,EC40 Twin Motor Performance (MY26),,high,0,0,0,1,electric_vehicles_spec_2025.csv.csv,,no analytics training rows for this make/model; only one dataset source; not supported by analytics base or Open EV merge path
Volvo,ES90 Single Motor (MY26),,high,0,0,0,1,electric_vehicles_spec_2025.csv.csv,,no analytics training rows for this make/model; only one dataset source; not supported by analytics base or Open EV merge path
Volvo,ES90 Twin Motor (MY26),,high,0,0,0,1,electric_vehicles_spec_2025.csv.csv,,no analytics training rows for this make/model; only one dataset source; not supported by analytics base or Open EV merge path
Volvo,ES90 Twin Motor Performance (MY26),,high,0,0,0,1,electric_vehicles_spec_2025.csv.csv,,no analytics training rows for this make/model; only one dataset source; not supported by analytics base or Open EV merge path
Volvo,EX30,2023,high,0,0,4,1,open-ev-data-v1.24.0.csv,,no analytics training rows for this make/model; only one dataset source
Volvo,EX30,2024,high,0,0,4,1,open-ev-data-v1.24.0.csv,,no analytics training rows for this make/model; only one dataset source
Volvo,EX30,2025,high,0,0,4,1,open-ev-data-v1.24.0.csv,,no analytics training rows for this make/model; only one dataset source
Volvo,EX30 Cross Country (MY26),,high,0,0,0,1,electric_vehicles_spec_2025.csv.csv,,no analytics training rows for this make/model; only one dataset source; not supported by analytics base or Open EV merge path
Volvo,EX30 Single Motor (MY24-26),,high,0,0,0,1,electric_vehicles_spec_2025.csv.csv,,no analytics training rows for this make/model; only one dataset source; not supported by analytics base or Open EV merge path
Volvo,EX30 Single Motor ER (MY24-26),,high,0,0,0,1,electric_vehicles_spec_2025.csv.csv,,no analytics training rows for this make/model; only one dataset source; not supported by analytics base or Open EV merge path
Volvo,EX30 Twin Motor Performance (MY24-26),,high,0,0,0,1,electric_vehicles_spec_2025.csv.csv,,no analytics training rows for this make/model; only one dataset source; not supported by analytics base or Open EV merge path
Volvo,EX40,2023,high,0,0,2,1,open-ev-data-v1.24.0.csv,,no analytics training rows for this make/model; only one dataset source
Volvo,EX40,2024,high,0,0,2,1,open-ev-data-v1.24.0.csv,,no analytics training rows for this make/model; only one dataset source
Volvo,EX40,2025,high,0,0,2,1,open-ev-data-v1.24.0.csv,,no analytics training rows for this make/model; only one dataset source
Volvo,EX40 Single Motor (MY26),,high,0,0,0,1,electric_vehicles_spec_2025.csv.csv,,no analytics training rows for this make/model; only one dataset source; not supported by analytics base or Open EV merge path
Volvo,EX40 Single Motor ER (MY26),,high,0,0,0,1,electric_vehicles_spec_2025.csv.csv,,no analytics training rows for this make/model; only one dataset source; not supported by analytics base or Open EV merge path
Volvo,EX40 Twin Motor (MY26),,high,0,0,0,1,electric_vehicles_spec_2025.csv.csv,,no analytics training rows for this make/model; only one dataset source; not supported by analytics base or Open EV merge path
Volvo,EX40 Twin Motor Performance (MY26),,high,0,0,0,1,electric_vehicles_spec_2025.csv.csv,,no analytics training rows for this make/model; only one dataset source; not supported by analytics base or Open EV merge path
Volvo,EX90,2024,high,0,0,1,1,open-ev-data-v1.24.0.csv,,no analytics training rows for this make/model; only one dataset source
Volvo,EX90,2025,high,0,0,1,1,open-ev-data-v1.24.0.csv,,no analytics training rows for this make/model; only one dataset source
Volvo,EX90 Single Motor (MY24-26),,high,0,0,0,1,electric_vehicles_spec_2025.csv.csv,,no analytics training rows for this make/model; only one dataset source; not supported by analytics base or Open EV merge path
Volvo,EX90 Twin Motor (MY24-26),,high,0,0,0,1,electric_vehicles_spec_2025.csv.csv,,no analytics training rows for this make/model; only one dataset source; not supported by analytics base or Open EV merge path
Volvo,EX90 Twin Motor Performance (MY24-26),,high,0,0,0,1,electric_vehicles_spec_2025.csv.csv,,no analytics training rows for this make/model; only one dataset source; not supported by analytics base or Open EV merge path
Voyah,Courage,2023,high,0,0,2,1,open-ev-data-v1.24.0.csv,,no analytics training rows for this make/model; only one dataset source
Voyah,Courage,2024,high,0,0,2,1,open-ev-data-v1.24.0.csv,,no analytics training rows for this make/model; only one dataset source
Voyah,Courage,2025,high,0,0,2,1,open-ev-data-v1.24.0.csv,,no analytics training rows for this make/model; only one dataset source
Voyah,Dream,2023,high,0,0,1,1,open-ev-data-v1.24.0.csv,,no analytics training rows for this make/model; only one dataset source
Voyah,Dream,2024,high,0,0,1,1,open-ev-data-v1.24.0.csv,,no analytics training rows for this make/model; only one dataset source
Voyah,Dream,2025,high,0,0,1,1,open-ev-data-v1.24.0.csv,,no analytics training rows for this make/model; only one dataset source
Voyah,Free,2023,high,0,0,1,1,open-ev-data-v1.24.0.csv,,no analytics training rows for this make/model; only one dataset source
Voyah,Free,2024,high,0,0,1,1,open-ev-data-v1.24.0.csv,,no analytics training rows for this make/model; only one dataset source
Voyah,Free,2025,high,0,0,1,1,open-ev-data-v1.24.0.csv,,no analytics training rows for this make/model; only one dataset source
Voyah,Free 106 kWh,,high,0,0,0,1,electric_vehicles_spec_2025.csv.csv,,no analytics training rows for this make/model; only one dataset source; not supported by analytics base or Open EV merge path
XPENG,G6 AWD Performance,,high,0,0,0,1,electric_vehicles_spec_2025.csv.csv,,no analytics training rows for this make/model; only one dataset source; not supported by analytics base or Open EV merge path
XPENG,G6 RWD Long Range,,high,0,0,0,1,electric_vehicles_spec_2025.csv.csv,,no analytics training rows for this make/model; only one dataset source; not supported by analytics base or Open EV merge path
XPENG,G6 RWD Standard Range,,high,0,0,0,1,electric_vehicles_spec_2025.csv.csv,,no analytics training rows for this make/model; only one dataset source; not supported by analytics base or Open EV merge path
XPENG,G9 AWD Performance,,high,0,0,0,1,electric_vehicles_spec_2025.csv.csv,,no analytics training rows for this make/model; only one dataset source; not supported by analytics base or Open EV merge path
XPENG,G9 RWD Long Range,,high,0,0,0,1,electric_vehicles_spec_2025.csv.csv,,no analytics training rows for this make/model; only one dataset source; not supported by analytics base or Open EV merge path
XPENG,G9 RWD Standard Range,,high,0,0,0,1,electric_vehicles_spec_2025.csv.csv,,no analytics training rows for this make/model; only one dataset source; not supported by analytics base or Open EV merge path
XPENG,P7 AWD Performance,,high,0,0,0,1,electric_vehicles_spec_2025.csv.csv,,no analytics training rows for this make/model; only one dataset source; not supported by analytics base or Open EV merge path
XPENG,P7 RWD Long Range,,high,0,0,0,1,electric_vehicles_spec_2025.csv.csv,,no analytics training rows for this make/model; only one dataset source; not supported by analytics base or Open EV merge path
XPENG,P7 Wing Edition,,high,0,0,0,1,electric_vehicles_spec_2025.csv.csv,,no analytics training rows for this make/model; only one dataset source; not supported by analytics base or Open EV merge path
XPeng,G6,2023,high,0,0,4,1,open-ev-data-v1.24.0.csv,efficiency_wh_per_km,no analytics training rows for this make/model; only one dataset source; missing planner reference field: efficiency_wh_per_km
XPeng,G6,2024,high,0,0,4,1,open-ev-data-v1.24.0.csv,efficiency_wh_per_km,no analytics training rows for this make/model; only one dataset source; missing planner reference field: efficiency_wh_per_km
XPeng,G6,2025,high,0,0,4,1,open-ev-data-v1.24.0.csv,efficiency_wh_per_km,no analytics training rows for this make/model; only one dataset source; missing planner reference field: efficiency_wh_per_km
XPeng,G7,2025,high,0,0,2,1,open-ev-data-v1.24.0.csv,efficiency_wh_per_km,no analytics training rows for this make/model; only one dataset source; missing planner reference field: efficiency_wh_per_km
XPeng,Mona M03,2024,high,0,0,2,1,open-ev-data-v1.24.0.csv,efficiency_wh_per_km,no analytics training rows for this make/model; only one dataset source; missing planner reference field: efficiency_wh_per_km
XPeng,Mona M03,2025,high,0,0,2,1,open-ev-data-v1.24.0.csv,efficiency_wh_per_km,no analytics training rows for this make/model; only one dataset source; missing planner reference field: efficiency_wh_per_km
XPeng,P7 (2nd Generation),2025,high,0,0,2,1,open-ev-data-v1.24.0.csv,efficiency_wh_per_km,no analytics training rows for this make/model; only one dataset source; missing planner reference field: efficiency_wh_per_km
XPeng,P7+,2024,high,0,0,2,1,open-ev-data-v1.24.0.csv,efficiency_wh_per_km,no analytics training rows for this make/model; only one dataset source; missing planner reference field: efficiency_wh_per_km
XPeng,P7+,2025,high,0,0,3,1,open-ev-data-v1.24.0.csv,efficiency_wh_per_km,no analytics training rows for this make/model; only one dataset source; missing planner reference field: efficiency_wh_per_km
XPeng,X9,2024,high,0,0,3,1,open-ev-data-v1.24.0.csv,efficiency_wh_per_km,no analytics training rows for this make/model; only one dataset source; missing planner reference field: efficiency_wh_per_km
XPeng,X9,2025,high,0,0,3,1,open-ev-data-v1.24.0.csv,efficiency_wh_per_km,no analytics training rows for this make/model; only one dataset source; missing planner reference field: efficiency_wh_per_km
YangWang,U7,2025,high,0,0,1,1,open-ev-data-v1.24.0.csv,efficiency_wh_per_km,no analytics training rows for this make/model; only one dataset source; missing planner reference field: efficiency_wh_per_km
YangWang,U8,2023,high,0,0,1,1,open-ev-data-v1.24.0.csv,"efficiency_wh_per_km, top_speed_kmh",no analytics training rows for this make/model; only one dataset source; multiple planner reference specs would fall back to defaults
YangWang,U8,2024,high,0,0,1,1,open-ev-data-v1.24.0.csv,"efficiency_wh_per_km, top_speed_kmh",no analytics training rows for this make/model; only one dataset source; multiple planner reference specs would fall back to defaults
YangWang,U8,2025,high,0,0,1,1,open-ev-data-v1.24.0.csv,"efficiency_wh_per_km, top_speed_kmh",no analytics training rows for this make/model; only one dataset source; multiple planner reference specs would fall back to defaults
YangWang,U9,2023,high,0,0,1,1,open-ev-data-v1.24.0.csv,efficiency_wh_per_km,no analytics training rows for this make/model; only one dataset source; missing planner reference field: efficiency_wh_per_km
YangWang,U9,2024,high,0,0,1,1,open-ev-data-v1.24.0.csv,efficiency_wh_per_km,no analytics training rows for this make/model; only one dataset source; missing planner reference field: efficiency_wh_per_km
YangWang,U9,2025,high,0,0,1,1,open-ev-data-v1.24.0.csv,efficiency_wh_per_km,no analytics training rows for this make/model; only one dataset source; missing planner reference field: efficiency_wh_per_km
Zeekr,001,2023,high,0,0,2,1,open-ev-data-v1.24.0.csv,,no analytics training rows for this make/model; only one dataset source
Zeekr,001,2024,high,0,0,2,1,open-ev-data-v1.24.0.csv,,no analytics training rows for this make/model; only one dataset source
Zeekr,001,2025,high,0,0,2,1,open-ev-data-v1.24.0.csv,,no analytics training rows for this make/model; only one dataset source
Zeekr,001 Long Range RWD,,high,0,0,0,1,electric_vehicles_spec_2025.csv.csv,,no analytics training rows for this make/model; only one dataset source; not supported by analytics base or Open EV merge path
Zeekr,001 Performance AWD,,high,0,0,0,1,electric_vehicles_spec_2025.csv.csv,,no analytics training rows for this make/model; only one dataset source; not supported by analytics base or Open EV merge path
Zeekr,001 Privilege AWD,,high,0,0,0,1,electric_vehicles_spec_2025.csv.csv,,no analytics training rows for this make/model; only one dataset source; not supported by analytics base or Open EV merge path
Zeekr,007,2023,high,0,0,2,1,open-ev-data-v1.24.0.csv,,no analytics training rows for this make/model; only one dataset source
Zeekr,007,2024,high,0,0,2,1,open-ev-data-v1.24.0.csv,,no analytics training rows for this make/model; only one dataset source
Zeekr,007,2025,high,0,0,2,1,open-ev-data-v1.24.0.csv,,no analytics training rows for this make/model; only one dataset source
Zeekr,009,2024,high,0,0,3,1,open-ev-data-v1.24.0.csv,,no analytics training rows for this make/model; only one dataset source
Zeekr,009,2025,high,0,0,3,1,open-ev-data-v1.24.0.csv,,no analytics training rows for this make/model; only one dataset source
Zeekr,7X,2024,high,0,0,4,1,open-ev-data-v1.24.0.csv,,no analytics training rows for this make/model; only one dataset source
Zeekr,7X,2025,high,0,0,4,1,open-ev-data-v1.24.0.csv,,no analytics training rows for this make/model; only one dataset source
Zeekr,7X Long Range RWD,,high,0,0,0,1,electric_vehicles_spec_2025.csv.csv,,no analytics training rows for this make/model; only one dataset source; not supported by analytics base or Open EV merge path
Zeekr,7X Performance AWD,,high,0,0,0,1,electric_vehicles_spec_2025.csv.csv,,no analytics training rows for this make/model; only one dataset source; not supported by analytics base or Open EV merge path
Zeekr,7X Premium RWD,,high,0,0,0,1,electric_vehicles_spec_2025.csv.csv,,no analytics training rows for this make/model; only one dataset source; not supported by analytics base or Open EV merge path
Zeekr,X,2023,high,0,0,2,1,open-ev-data-v1.24.0.csv,,no analytics training rows for this make/model; only one dataset source
Zeekr,X,2024,high,0,0,2,1,open-ev-data-v1.24.0.csv,,no analytics training rows for this make/model; only one dataset source
Zeekr,X,2025,high,0,0,2,1,open-ev-data-v1.24.0.csv,,no analytics training rows for this make/model; only one dataset source
Zeekr,X Core RWD (MY25),,high,0,0,0,1,electric_vehicles_spec_2025.csv.csv,,no analytics training rows for this make/model; only one dataset source; not supported by analytics base or Open EV merge path
Zeekr,X Long Range RWD (MY25),,high,0,0,0,1,electric_vehicles_spec_2025.csv.csv,,no analytics training rows for this make/model; only one dataset source; not supported by analytics base or Open EV merge path
Zeekr,X Privilege AWD (MY25),,high,0,0,0,1,electric_vehicles_spec_2025.csv.csv,,no analytics training rows for this make/model; only one dataset source; not supported by analytics base or Open EV merge path
firefly,nan,,high,0,0,0,1,electric_vehicles_spec_2025.csv.csv,,no analytics training rows for this make/model; only one dataset source; not supported by analytics base or Open EV merge path
Škoda,Elroq,2025,high,0,0,1,1,open-ev-data-v1.24.0.csv,top_speed_kmh,no analytics training rows for this make/model; only one dataset source; missing planner reference field: top_speed_kmh
Škoda,Elroq RS,2025,high,0,0,1,1,open-ev-data-v1.24.0.csv,,no analytics training rows for this make/model; only one dataset source
Škoda,Enyaq Coupé iV,2023,high,0,0,3,1,open-ev-data-v1.24.0.csv,,no analytics training rows for this make/model; only one dataset source
Škoda,Enyaq Coupé iV,2024,high,0,0,3,1,open-ev-data-v1.24.0.csv,,no analytics training rows for this make/model; only one dataset source
Škoda,Enyaq Coupé iV,2025,high,0,0,3,1,open-ev-data-v1.24.0.csv,,no analytics training rows for this make/model; only one dataset source
Škoda,Enyaq iV,2023,high,0,0,4,1,open-ev-data-v1.24.0.csv,,no analytics training rows for this make/model; only one dataset source
Škoda,Enyaq iV,2024,high,0,0,4,1,open-ev-data-v1.24.0.csv,,no analytics training rows for this make/model; only one dataset source
Škoda,Enyaq iV,2025,high,0,0,4,1,open-ev-data-v1.24.0.csv,,no analytics training rows for this make/model; only one dataset source
Tesla,Model Y,2025,high,0,64,3,1,open-ev-data-v1.24.0.csv,torque_nm,no exact make/model/year analytics training rows; only one dataset source; missing planner reference field: torque_nm
Tesla,Model S,2025,high,0,67,2,1,open-ev-data-v1.24.0.csv,torque_nm,no exact make/model/year analytics training rows; only one dataset source; missing planner reference field: torque_nm
Tesla,Model 3,2025,high,0,69,3,1,open-ev-data-v1.24.0.csv,,no exact make/model/year analytics training rows; only one dataset source
Tesla,Model X,2025,high,0,87,2,1,open-ev-data-v1.24.0.csv,torque_nm,no exact make/model/year analytics training rows; only one dataset source; missing planner reference field: torque_nm
BMW,i4,2025,high,0,96,5,1,open-ev-data-v1.24.0.csv,,no exact make/model/year analytics training rows; only one dataset source
BMW,iX,2025,high,0,103,3,1,open-ev-data-v1.24.0.csv,,no exact make/model/year analytics training rows; only one dataset source
Audi,Q4 e-tron,2025,high,0,142,6,1,open-ev-data-v1.24.0.csv,,no exact make/model/year analytics training rows; only one dataset source
Nissan,Ariya,2025,high,0,144,4,1,open-ev-data-v1.24.0.csv,,no exact make/model/year analytics training rows; only one dataset source
Volkswagen,ID.4,2025,high,0,152,2,1,open-ev-data-v1.24.0.csv,,no exact make/model/year analytics training rows; only one dataset source
Hyundai,Kona Electric,2025,high,0,154,2,1,open-ev-data-v1.24.0.csv,,no exact make/model/year analytics training rows; only one dataset source
Volkswagen,ID.3,2025,high,0,156,3,1,open-ev-data-v1.24.0.csv,,no exact make/model/year analytics training rows; only one dataset source
Ford,Mustang Mach-E,2025,high,0,161,5,1,open-ev-data-v1.24.0.csv,,no exact make/model/year analytics training rows; only one dataset source
Ford,F-150 Lightning,2025,high,0,162,5,1,open-ev-data-v1.24.0.csv,,no exact make/model/year analytics training rows; only one dataset source
Kia,Niro EV,,high,0,163,0,1,electric_vehicles_spec_2025.csv.csv,,no exact make/model/year analytics training rows; only one dataset source; not supported by analytics base or Open EV merge path
Tesla,Model Y,2021,medium,4,64,0,1,electric_vehicle_analytics.csv,torque_nm,only one dataset source; missing planner reference field: torque_nm
Tesla,Model Y,2023,medium,5,64,0,1,electric_vehicle_analytics.csv,torque_nm,only one dataset source; missing planner reference field: torque_nm
Tesla,Model Y,2024,medium,5,64,3,2,"electric_vehicle_analytics.csv, open-ev-data-v1.24.0.csv",torque_nm,missing planner reference field: torque_nm
Tesla,Model Y,2017,medium,6,64,0,1,electric_vehicle_analytics.csv,torque_nm,only one dataset source; missing planner reference field: torque_nm
Tesla,Model Y,2019,medium,6,64,0,1,electric_vehicle_analytics.csv,torque_nm,only one dataset source; missing planner reference field: torque_nm
Tesla,Model Y,2022,medium,6,64,0,1,electric_vehicle_analytics.csv,torque_nm,only one dataset source; missing planner reference field: torque_nm
Tesla,Model Y,2015,medium,7,64,0,1,electric_vehicle_analytics.csv,torque_nm,only one dataset source; missing planner reference field: torque_nm
Tesla,Model Y,2018,medium,7,64,0,1,electric_vehicle_analytics.csv,torque_nm,only one dataset source; missing planner reference field: torque_nm
Tesla,Model Y,2020,medium,8,64,0,1,electric_vehicle_analytics.csv,torque_nm,only one dataset source; missing planner reference field: torque_nm
Tesla,Model Y,2016,medium,10,64,0,1,electric_vehicle_analytics.csv,torque_nm,only one dataset source; missing planner reference field: torque_nm
Tesla,Model S,2021,medium,3,67,0,1,electric_vehicle_analytics.csv,torque_nm,only one dataset source; missing planner reference field: torque_nm
Tesla,Model S,2018,medium,4,67,0,1,electric_vehicle_analytics.csv,torque_nm,only one dataset source; missing planner reference field: torque_nm
Tesla,Model S,2022,medium,4,67,0,1,electric_vehicle_analytics.csv,torque_nm,only one dataset source; missing planner reference field: torque_nm
Tesla,Model S,2023,medium,5,67,0,1,electric_vehicle_analytics.csv,torque_nm,only one dataset source; missing planner reference field: torque_nm
Tesla,Model S,2016,medium,6,67,0,1,electric_vehicle_analytics.csv,torque_nm,only one dataset source; missing planner reference field: torque_nm
Tesla,Model S,2020,medium,6,67,0,1,electric_vehicle_analytics.csv,torque_nm,only one dataset source; missing planner reference field: torque_nm
Tesla,Model S,2024,medium,7,67,0,1,electric_vehicle_analytics.csv,torque_nm,only one dataset source; missing planner reference field: torque_nm
Tesla,Model S,2015,medium,8,67,0,1,electric_vehicle_analytics.csv,torque_nm,only one dataset source; missing planner reference field: torque_nm
Tesla,Model S,2017,medium,10,67,0,1,electric_vehicle_analytics.csv,torque_nm,only one dataset source; missing planner reference field: torque_nm
Tesla,Model S,2019,medium,14,67,0,1,electric_vehicle_analytics.csv,torque_nm,only one dataset source; missing planner reference field: torque_nm
Tesla,Model 3,2022,medium,2,69,0,1,electric_vehicle_analytics.csv,torque_nm,very sparse exact analytics support (2 row(s)); only one dataset source; missing planner reference field: torque_nm
Tesla,Model 3,2018,medium,5,69,0,1,electric_vehicle_analytics.csv,torque_nm,only one dataset source; missing planner reference field: torque_nm
Tesla,Model 3,2019,medium,6,69,0,1,electric_vehicle_analytics.csv,torque_nm,only one dataset source; missing planner reference field: torque_nm
Tesla,Model 3,2020,medium,6,69,0,1,electric_vehicle_analytics.csv,torque_nm,only one dataset source; missing planner reference field: torque_nm
Tesla,Model 3,2015,medium,7,69,0,1,electric_vehicle_analytics.csv,torque_nm,only one dataset source; missing planner reference field: torque_nm
Tesla,Model 3,2017,medium,9,69,0,1,electric_vehicle_analytics.csv,torque_nm,only one dataset source; missing planner reference field: torque_nm
Tesla,Model 3,2021,medium,9,69,0,1,electric_vehicle_analytics.csv,torque_nm,only one dataset source; missing planner reference field: torque_nm
Tesla,Model 3,2023,medium,9,69,0,1,electric_vehicle_analytics.csv,torque_nm,only one dataset source; missing planner reference field: torque_nm
Tesla,Model 3,2016,medium,10,69,0,1,electric_vehicle_analytics.csv,torque_nm,only one dataset source; missing planner reference field: torque_nm
Tesla,Model X,2020,medium,7,87,0,1,electric_vehicle_analytics.csv,torque_nm,only one dataset source; missing planner reference field: torque_nm
Tesla,Model X,2022,medium,7,87,0,1,electric_vehicle_analytics.csv,torque_nm,only one dataset source; missing planner reference field: torque_nm
Tesla,Model X,2019,medium,8,87,0,1,electric_vehicle_analytics.csv,torque_nm,only one dataset source; missing planner reference field: torque_nm
Tesla,Model X,2021,medium,8,87,0,1,electric_vehicle_analytics.csv,torque_nm,only one dataset source; missing planner reference field: torque_nm
Tesla,Model X,2024,medium,8,87,0,1,electric_vehicle_analytics.csv,torque_nm,only one dataset source; missing planner reference field: torque_nm
Tesla,Model X,2015,medium,9,87,0,1,electric_vehicle_analytics.csv,torque_nm,only one dataset source; missing planner reference field: torque_nm
Tesla,Model X,2018,medium,9,87,0,1,electric_vehicle_analytics.csv,torque_nm,only one dataset source; missing planner reference field: torque_nm
Tesla,Model X,2017,medium,10,87,0,1,electric_vehicle_analytics.csv,torque_nm,only one dataset source; missing planner reference field: torque_nm
Tesla,Model X,2023,medium,10,87,0,1,electric_vehicle_analytics.csv,torque_nm,only one dataset source; missing planner reference field: torque_nm
Tesla,Model X,2016,medium,11,87,0,1,electric_vehicle_analytics.csv,torque_nm,only one dataset source; missing planner reference field: torque_nm
BMW,i4,2015,medium,4,96,0,1,electric_vehicle_analytics.csv,torque_nm,only one dataset source; missing planner reference field: torque_nm
BMW,i4,2019,medium,7,96,0,1,electric_vehicle_analytics.csv,torque_nm,only one dataset source; missing planner reference field: torque_nm
BMW,i4,2020,medium,7,96,0,1,electric_vehicle_analytics.csv,torque_nm,only one dataset source; missing planner reference field: torque_nm
BMW,i4,2021,medium,8,96,0,1,electric_vehicle_analytics.csv,torque_nm,only one dataset source; missing planner reference field: torque_nm
BMW,i4,2022,medium,8,96,0,1,electric_vehicle_analytics.csv,torque_nm,only one dataset source; missing planner reference field: torque_nm
BMW,i4,2018,medium,10,96,0,1,electric_vehicle_analytics.csv,torque_nm,only one dataset source; missing planner reference field: torque_nm
BMW,i4,2024,medium,10,96,5,2,"electric_vehicle_analytics.csv, open-ev-data-v1.24.0.csv",torque_nm,missing planner reference field: torque_nm
BMW,i4,2016,medium,13,96,0,1,electric_vehicle_analytics.csv,torque_nm,only one dataset source; missing planner reference field: torque_nm
BMW,i4,2023,medium,14,96,4,2,"electric_vehicle_analytics.csv, open-ev-data-v1.24.0.csv",torque_nm,missing planner reference field: torque_nm
BMW,i4,2017,medium,15,96,0,1,electric_vehicle_analytics.csv,torque_nm,only one dataset source; missing planner reference field: torque_nm
BMW,iX,2015,medium,6,103,0,1,electric_vehicle_analytics.csv,torque_nm,only one dataset source; missing planner reference field: torque_nm
BMW,iX,2016,medium,8,103,0,1,electric_vehicle_analytics.csv,torque_nm,only one dataset source; missing planner reference field: torque_nm
BMW,iX,2021,medium,9,103,0,1,electric_vehicle_analytics.csv,torque_nm,only one dataset source; missing planner reference field: torque_nm
BMW,iX,2022,medium,9,103,0,1,electric_vehicle_analytics.csv,torque_nm,only one dataset source; missing planner reference field: torque_nm
BMW,iX,2018,medium,10,103,0,1,electric_vehicle_analytics.csv,torque_nm,only one dataset source; missing planner reference field: torque_nm
BMW,iX,2017,medium,13,103,0,1,electric_vehicle_analytics.csv,torque_nm,only one dataset source; missing planner reference field: torque_nm
BMW,iX,2019,medium,13,103,0,1,electric_vehicle_analytics.csv,torque_nm,only one dataset source; missing planner reference field: torque_nm
BMW,iX,2020,medium,15,103,0,1,electric_vehicle_analytics.csv,torque_nm,only one dataset source; missing planner reference field: torque_nm
BMW,i3,2022,medium,7,112,0,1,electric_vehicle_analytics.csv,torque_nm,only one dataset source; missing planner reference field: torque_nm
BMW,i3,2024,medium,8,112,0,1,electric_vehicle_analytics.csv,torque_nm,only one dataset source; missing planner reference field: torque_nm
BMW,i3,2017,medium,9,112,0,1,electric_vehicle_analytics.csv,torque_nm,only one dataset source; missing planner reference field: torque_nm
BMW,i3,2018,medium,9,112,0,1,electric_vehicle_analytics.csv,torque_nm,only one dataset source; missing planner reference field: torque_nm
BMW,i3,2015,medium,11,112,0,1,electric_vehicle_analytics.csv,torque_nm,only one dataset source; missing planner reference field: torque_nm
BMW,i3,2021,medium,11,112,0,1,electric_vehicle_analytics.csv,torque_nm,only one dataset source; missing planner reference field: torque_nm
BMW,i3,2023,medium,11,112,0,1,electric_vehicle_analytics.csv,torque_nm,only one dataset source; missing planner reference field: torque_nm
BMW,i3,2020,medium,13,112,0,1,electric_vehicle_analytics.csv,torque_nm,only one dataset source; missing planner reference field: torque_nm
BMW,i3,2019,medium,15,112,0,1,electric_vehicle_analytics.csv,torque_nm,only one dataset source; missing planner reference field: torque_nm
BMW,i3,2016,medium,18,112,0,1,electric_vehicle_analytics.csv,torque_nm,only one dataset source; missing planner reference field: torque_nm
Kia,EV6,2017,medium,7,123,0,1,electric_vehicle_analytics.csv,torque_nm,only one dataset source; missing planner reference field: torque_nm
Kia,EV6,2015,medium,9,123,0,1,electric_vehicle_analytics.csv,torque_nm,only one dataset source; missing planner reference field: torque_nm
Kia,EV6,2024,medium,11,123,0,1,electric_vehicle_analytics.csv,torque_nm,only one dataset source; missing planner reference field: torque_nm
Kia,EV6,2016,medium,12,123,0,1,electric_vehicle_analytics.csv,torque_nm,only one dataset source; missing planner reference field: torque_nm
Kia,EV6,2018,medium,12,123,0,1,electric_vehicle_analytics.csv,torque_nm,only one dataset source; missing planner reference field: torque_nm
Kia,EV6,2019,medium,12,123,0,1,electric_vehicle_analytics.csv,torque_nm,only one dataset source; missing planner reference field: torque_nm
Kia,EV6,2020,medium,12,123,0,1,electric_vehicle_analytics.csv,torque_nm,only one dataset source; missing planner reference field: torque_nm
Kia,EV6,2022,medium,14,123,0,1,electric_vehicle_analytics.csv,torque_nm,only one dataset source; missing planner reference field: torque_nm
Kia,EV6,2023,medium,14,123,0,1,electric_vehicle_analytics.csv,torque_nm,only one dataset source; missing planner reference field: torque_nm
Kia,EV6,2021,medium,20,123,0,1,electric_vehicle_analytics.csv,torque_nm,only one dataset source; missing planner reference field: torque_nm
Audi,Q4 e-tron,2022,medium,8,142,0,1,electric_vehicle_analytics.csv,torque_nm,only one dataset source; missing planner reference field: torque_nm
Audi,Q4 e-tron,2019,medium,9,142,0,1,electric_vehicle_analytics.csv,torque_nm,only one dataset source; missing planner reference field: torque_nm
Audi,Q4 e-tron,2021,medium,10,142,0,1,electric_vehicle_analytics.csv,torque_nm,only one dataset source; missing planner reference field: torque_nm
Audi,Q4 e-tron,2016,medium,11,142,0,1,electric_vehicle_analytics.csv,torque_nm,only one dataset source; missing planner reference field: torque_nm
Audi,Q4 e-tron,2015,medium,14,142,0,1,electric_vehicle_analytics.csv,torque_nm,only one dataset source; missing planner reference field: torque_nm
Audi,Q4 e-tron,2017,medium,15,142,0,1,electric_vehicle_analytics.csv,torque_nm,only one dataset source; missing planner reference field: torque_nm
Audi,Q4 e-tron,2020,medium,17,142,0,1,electric_vehicle_analytics.csv,torque_nm,only one dataset source; missing planner reference field: torque_nm
Audi,Q4 e-tron,2018,medium,18,142,0,1,electric_vehicle_analytics.csv,torque_nm,only one dataset source; missing planner reference field: torque_nm
Hyundai,Ioniq 5,2018,medium,8,143,0,1,electric_vehicle_analytics.csv,torque_nm,only one dataset source; missing planner reference field: torque_nm
Hyundai,Ioniq 5,2024,medium,9,143,0,1,electric_vehicle_analytics.csv,torque_nm,only one dataset source; missing planner reference field: torque_nm
Hyundai,Ioniq 5,2015,medium,12,143,0,1,electric_vehicle_analytics.csv,torque_nm,only one dataset source; missing planner reference field: torque_nm
Hyundai,Ioniq 5,2016,medium,14,143,0,1,electric_vehicle_analytics.csv,torque_nm,only one dataset source; missing planner reference field: torque_nm
Hyundai,Ioniq 5,2021,medium,15,143,0,1,electric_vehicle_analytics.csv,torque_nm,only one dataset source; missing planner reference field: torque_nm
Hyundai,Ioniq 5,2019,medium,16,143,0,1,electric_vehicle_analytics.csv,torque_nm,only one dataset source; missing planner reference field: torque_nm
Hyundai,Ioniq 5,2022,medium,16,143,0,1,electric_vehicle_analytics.csv,torque_nm,only one dataset source; missing planner reference field: torque_nm
Hyundai,Ioniq 5,2020,medium,17,143,0,1,electric_vehicle_analytics.csv,torque_nm,only one dataset source; missing planner reference field: torque_nm
Hyundai,Ioniq 5,2023,medium,17,143,0,1,electric_vehicle_analytics.csv,torque_nm,only one dataset source; missing planner reference field: torque_nm
Hyundai,Ioniq 5,2017,medium,19,143,0,1,electric_vehicle_analytics.csv,torque_nm,only one dataset source; missing planner reference field: torque_nm
Mercedes,EQS,2018,medium,9,144,0,1,electric_vehicle_analytics.csv,torque_nm,only one dataset source; missing planner reference field: torque_nm
Nissan,Ariya,2022,medium,9,144,0,1,electric_vehicle_analytics.csv,torque_nm,only one dataset source; missing planner reference field: torque_nm
Mercedes,EQS,2015,medium,10,144,0,1,electric_vehicle_analytics.csv,torque_nm,only one dataset source; missing planner reference field: torque_nm
Mercedes,EQS,2016,medium,10,144,0,1,electric_vehicle_analytics.csv,torque_nm,only one dataset source; missing planner reference field: torque_nm
Mercedes,EQS,2022,medium,11,144,0,1,electric_vehicle_analytics.csv,torque_nm,only one dataset source; missing planner reference field: torque_nm
Nissan,Ariya,2020,medium,12,144,0,1,electric_vehicle_analytics.csv,torque_nm,only one dataset source; missing planner reference field: torque_nm
Mercedes,EQS,2017,medium,13,144,0,1,electric_vehicle_analytics.csv,torque_nm,only one dataset source; missing planner reference field: torque_nm
Nissan,Ariya,2016,medium,14,144,0,1,electric_vehicle_analytics.csv,torque_nm,only one dataset source; missing planner reference field: torque_nm
Nissan,Ariya,2017,medium,14,144,0,1,electric_vehicle_analytics.csv,torque_nm,only one dataset source; missing planner reference field: torque_nm
Mercedes,EQS,2021,medium,15,144,0,1,electric_vehicle_analytics.csv,torque_nm,only one dataset source; missing planner reference field: torque_nm
Mercedes,EQS,2024,medium,15,144,0,1,electric_vehicle_analytics.csv,torque_nm,only one dataset source; missing planner reference field: torque_nm
Nissan,Ariya,2015,medium,16,144,0,1,electric_vehicle_analytics.csv,torque_nm,only one dataset source; missing planner reference field: torque_nm
Nissan,Ariya,2018,medium,16,144,0,1,electric_vehicle_analytics.csv,torque_nm,only one dataset source; missing planner reference field: torque_nm
Nissan,Ariya,2021,medium,16,144,0,1,electric_vehicle_analytics.csv,torque_nm,only one dataset source; missing planner reference field: torque_nm
Nissan,Ariya,2019,medium,17,144,0,1,electric_vehicle_analytics.csv,torque_nm,only one dataset source; missing planner reference field: torque_nm
Mercedes,EQS,2020,medium,18,144,0,1,electric_vehicle_analytics.csv,torque_nm,only one dataset source; missing planner reference field: torque_nm
Mercedes,EQS,2023,medium,18,144,0,1,electric_vehicle_analytics.csv,torque_nm,only one dataset source; missing planner reference field: torque_nm
Mercedes,EQS,2019,medium,25,144,0,1,electric_vehicle_analytics.csv,torque_nm,only one dataset source; missing planner reference field: torque_nm
Chevrolet,Bolt EV,2016,medium,9,145,0,1,electric_vehicle_analytics.csv,torque_nm,only one dataset source; missing planner reference field: torque_nm
Chevrolet,Bolt EV,2021,medium,11,145,0,1,electric_vehicle_analytics.csv,torque_nm,only one dataset source; missing planner reference field: torque_nm
Chevrolet,Bolt EV,2022,medium,12,145,0,1,electric_vehicle_analytics.csv,torque_nm,only one dataset source; missing planner reference field: torque_nm
Chevrolet,Bolt EV,2015,medium,13,145,0,1,electric_vehicle_analytics.csv,torque_nm,only one dataset source; missing planner reference field: torque_nm
Chevrolet,Bolt EV,2019,medium,13,145,0,1,electric_vehicle_analytics.csv,torque_nm,only one dataset source; missing planner reference field: torque_nm
Chevrolet,Bolt EV,2018,medium,16,145,0,1,electric_vehicle_analytics.csv,torque_nm,only one dataset source; missing planner reference field: torque_nm
Chevrolet,Bolt EV,2020,medium,16,145,0,1,electric_vehicle_analytics.csv,torque_nm,only one dataset source; missing planner reference field: torque_nm
Chevrolet,Bolt EV,2024,medium,18,145,0,1,electric_vehicle_analytics.csv,torque_nm,only one dataset source; missing planner reference field: torque_nm
Chevrolet,Bolt EV,2017,medium,24,145,0,1,electric_vehicle_analytics.csv,torque_nm,only one dataset source; missing planner reference field: torque_nm
Audi,e-tron,2017,medium,9,147,0,1,electric_vehicle_analytics.csv,torque_nm,only one dataset source; missing planner reference field: torque_nm
Audi,e-tron,2023,medium,11,147,0,1,electric_vehicle_analytics.csv,torque_nm,only one dataset source; missing planner reference field: torque_nm
Audi,e-tron,2018,medium,14,147,0,1,electric_vehicle_analytics.csv,torque_nm,only one dataset source; missing planner reference field: torque_nm
Audi,e-tron,2024,medium,14,147,0,1,electric_vehicle_analytics.csv,torque_nm,only one dataset source; missing planner reference field: torque_nm
Audi,e-tron,2016,medium,15,147,0,1,electric_vehicle_analytics.csv,torque_nm,only one dataset source; missing planner reference field: torque_nm
Audi,e-tron,2019,medium,15,147,0,1,electric_vehicle_analytics.csv,torque_nm,only one dataset source; missing planner reference field: torque_nm
Audi,e-tron,2020,medium,15,147,0,1,electric_vehicle_analytics.csv,torque_nm,only one dataset source; missing planner reference field: torque_nm
Audi,e-tron,2015,medium,17,147,0,1,electric_vehicle_analytics.csv,torque_nm,only one dataset source; missing planner reference field: torque_nm
Audi,e-tron,2022,medium,17,147,0,1,electric_vehicle_analytics.csv,torque_nm,only one dataset source; missing planner reference field: torque_nm
Audi,e-tron,2021,medium,20,147,0,1,electric_vehicle_analytics.csv,torque_nm,only one dataset source; missing planner reference field: torque_nm
Mercedes,EQC,2016,medium,9,149,0,1,electric_vehicle_analytics.csv,torque_nm,only one dataset source; missing planner reference field: torque_nm
Mercedes,EQC,2018,medium,10,149,0,1,electric_vehicle_analytics.csv,torque_nm,only one dataset source; missing planner reference field: torque_nm
Mercedes,EQC,2020,medium,11,149,0,1,electric_vehicle_analytics.csv,torque_nm,only one dataset source; missing planner reference field: torque_nm
Mercedes,EQC,2021,medium,12,149,0,1,electric_vehicle_analytics.csv,torque_nm,only one dataset source; missing planner reference field: torque_nm
Mercedes,EQC,2019,medium,14,149,0,1,electric_vehicle_analytics.csv,torque_nm,only one dataset source; missing planner reference field: torque_nm
Mercedes,EQC,2023,medium,17,149,0,1,electric_vehicle_analytics.csv,torque_nm,only one dataset source; missing planner reference field: torque_nm
Mercedes,EQC,2015,medium,18,149,0,1,electric_vehicle_analytics.csv,torque_nm,only one dataset source; missing planner reference field: torque_nm
Mercedes,EQC,2017,medium,19,149,0,1,electric_vehicle_analytics.csv,torque_nm,only one dataset source; missing planner reference field: torque_nm
Mercedes,EQC,2022,medium,19,149,0,1,electric_vehicle_analytics.csv,torque_nm,only one dataset source; missing planner reference field: torque_nm
Mercedes,EQC,2024,medium,20,149,0,1,electric_vehicle_analytics.csv,torque_nm,only one dataset source; missing planner reference field: torque_nm
Volkswagen,ID.4,2019,medium,11,152,0,1,electric_vehicle_analytics.csv,torque_nm,only one dataset source; missing planner reference field: torque_nm
Volkswagen,ID.4,2018,medium,13,152,0,1,electric_vehicle_analytics.csv,torque_nm,only one dataset source; missing planner reference field: torque_nm
Volkswagen,ID.4,2020,medium,14,152,0,1,electric_vehicle_analytics.csv,torque_nm,only one dataset source; missing planner reference field: torque_nm
Volkswagen,ID.4,2022,medium,14,152,0,1,electric_vehicle_analytics.csv,torque_nm,only one dataset source; missing planner reference field: torque_nm
Volkswagen,ID.4,2017,medium,16,152,0,1,electric_vehicle_analytics.csv,torque_nm,only one dataset source; missing planner reference field: torque_nm
Volkswagen,ID.4,2021,medium,17,152,0,1,electric_vehicle_analytics.csv,torque_nm,only one dataset source; missing planner reference field: torque_nm
Volkswagen,ID.4,2015,medium,18,152,0,1,electric_vehicle_analytics.csv,torque_nm,only one dataset source; missing planner reference field: torque_nm
Volkswagen,ID.4,2016,medium,21,152,0,1,electric_vehicle_analytics.csv,torque_nm,only one dataset source; missing planner reference field: torque_nm
Hyundai,Kona Electric,2022,medium,11,154,0,1,electric_vehicle_analytics.csv,torque_nm,only one dataset source; missing planner reference field: torque_nm
Nissan,Leaf,2016,medium,11,154,0,1,electric_vehicle_analytics.csv,torque_nm,only one dataset source; missing planner reference field: torque_nm
Nissan,Leaf,2022,medium,11,154,0,1,electric_vehicle_analytics.csv,torque_nm,only one dataset source; missing planner reference field: torque_nm
Nissan,Leaf,2023,medium,11,154,0,1,electric_vehicle_analytics.csv,torque_nm,only one dataset source; missing planner reference field: torque_nm
Hyundai,Kona Electric,2018,medium,12,154,0,1,electric_vehicle_analytics.csv,torque_nm,only one dataset source; missing planner reference field: torque_nm
Nissan,Leaf,2021,medium,12,154,0,1,electric_vehicle_analytics.csv,torque_nm,only one dataset source; missing planner reference field: torque_nm
Hyundai,Kona Electric,2021,medium,14,154,0,1,electric_vehicle_analytics.csv,torque_nm,only one dataset source; missing planner reference field: torque_nm
Nissan,Leaf,2018,medium,14,154,0,1,electric_vehicle_analytics.csv,torque_nm,only one dataset source; missing planner reference field: torque_nm
Hyundai,Kona Electric,2015,medium,15,154,0,1,electric_vehicle_analytics.csv,torque_nm,only one dataset source; missing planner reference field: torque_nm
Hyundai,Kona Electric,2017,medium,16,154,0,1,electric_vehicle_analytics.csv,torque_nm,only one dataset source; missing planner reference field: torque_nm
Hyundai,Kona Electric,2019,medium,16,154,0,1,electric_vehicle_analytics.csv,torque_nm,only one dataset source; missing planner reference field: torque_nm
Nissan,Leaf,2020,medium,16,154,0,1,electric_vehicle_analytics.csv,torque_nm,only one dataset source; missing planner reference field: torque_nm
Hyundai,Kona Electric,2020,medium,17,154,0,1,electric_vehicle_analytics.csv,torque_nm,only one dataset source; missing planner reference field: torque_nm
Nissan,Leaf,2015,medium,18,154,0,1,electric_vehicle_analytics.csv,torque_nm,only one dataset source; missing planner reference field: torque_nm
Nissan,Leaf,2019,medium,18,154,0,1,electric_vehicle_analytics.csv,torque_nm,only one dataset source; missing planner reference field: torque_nm
Nissan,Leaf,2017,medium,19,154,0,1,electric_vehicle_analytics.csv,torque_nm,only one dataset source; missing planner reference field: torque_nm
Hyundai,Kona Electric,2016,medium,24,154,0,1,electric_vehicle_analytics.csv,torque_nm,only one dataset source; missing planner reference field: torque_nm
Nissan,Leaf,2024,medium,24,154,0,1,electric_vehicle_analytics.csv,torque_nm,only one dataset source; missing planner reference field: torque_nm
Volkswagen,ID.3,2015,medium,8,156,0,1,electric_vehicle_analytics.csv,torque_nm,only one dataset source; missing planner reference field: torque_nm
Volkswagen,ID.3,2020,medium,15,156,0,1,electric_vehicle_analytics.csv,torque_nm,only one dataset source; missing planner reference field: torque_nm
Volkswagen,ID.3,2022,medium,16,156,0,1,electric_vehicle_analytics.csv,torque_nm,only one dataset source; missing planner reference field: torque_nm
Volkswagen,ID.3,2018,medium,17,156,0,1,electric_vehicle_analytics.csv,torque_nm,only one dataset source; missing planner reference field: torque_nm
Volkswagen,ID.3,2016,medium,19,156,0,1,electric_vehicle_analytics.csv,torque_nm,only one dataset source; missing planner reference field: torque_nm
Volkswagen,ID.3,2017,medium,19,156,0,1,electric_vehicle_analytics.csv,torque_nm,only one dataset source; missing planner reference field: torque_nm
Volkswagen,ID.3,2019,medium,19,156,0,1,electric_vehicle_analytics.csv,torque_nm,only one dataset source; missing planner reference field: torque_nm
Volkswagen,ID.3,2021,medium,19,156,0,1,electric_vehicle_analytics.csv,torque_nm,only one dataset source; missing planner reference field: torque_nm
Ford,Mustang Mach-E,2016,medium,11,161,0,1,electric_vehicle_analytics.csv,torque_nm,only one dataset source; missing planner reference field: torque_nm
Ford,Mustang Mach-E,2019,medium,11,161,0,1,electric_vehicle_analytics.csv,torque_nm,only one dataset source; missing planner reference field: torque_nm
Ford,Mustang Mach-E,2020,medium,15,161,0,1,electric_vehicle_analytics.csv,torque_nm,only one dataset source; missing planner reference field: torque_nm
Ford,Mustang Mach-E,2015,medium,16,161,0,1,electric_vehicle_analytics.csv,torque_nm,only one dataset source; missing planner reference field: torque_nm
Ford,Mustang Mach-E,2017,medium,18,161,0,1,electric_vehicle_analytics.csv,torque_nm,only one dataset source; missing planner reference field: torque_nm
Ford,Mustang Mach-E,2022,medium,19,161,0,1,electric_vehicle_analytics.csv,torque_nm,only one dataset source; missing planner reference field: torque_nm
Ford,Mustang Mach-E,2018,medium,21,161,0,1,electric_vehicle_analytics.csv,torque_nm,only one dataset source; missing planner reference field: torque_nm
Ford,Mustang Mach-E,2021,medium,21,161,0,1,electric_vehicle_analytics.csv,torque_nm,only one dataset source; missing planner reference field: torque_nm
Ford,F-150 Lightning,2018,medium,11,162,0,1,electric_vehicle_analytics.csv,torque_nm,only one dataset source; missing planner reference field: torque_nm
Ford,F-150 Lightning,2017,medium,13,162,0,1,electric_vehicle_analytics.csv,torque_nm,only one dataset source; missing planner reference field: torque_nm
Ford,F-150 Lightning,2019,medium,15,162,0,1,electric_vehicle_analytics.csv,torque_nm,only one dataset source; missing planner reference field: torque_nm
Ford,F-150 Lightning,2022,medium,15,162,0,1,electric_vehicle_analytics.csv,torque_nm,only one dataset source; missing planner reference field: torque_nm
Ford,F-150 Lightning,2015,medium,17,162,0,1,electric_vehicle_analytics.csv,torque_nm,only one dataset source; missing planner reference field: torque_nm
Ford,F-150 Lightning,2016,medium,17,162,0,1,electric_vehicle_analytics.csv,torque_nm,only one dataset source; missing planner reference field: torque_nm
Ford,F-150 Lightning,2021,medium,20,162,0,1,electric_vehicle_analytics.csv,torque_nm,only one dataset source; missing planner reference field: torque_nm
Ford,F-150 Lightning,2020,medium,22,162,0,1,electric_vehicle_analytics.csv,torque_nm,only one dataset source; missing planner reference field: torque_nm
Kia,Niro EV,2017,medium,11,163,0,1,electric_vehicle_analytics.csv,torque_nm,only one dataset source; missing planner reference field: torque_nm
Chevrolet,Bolt EUV,2024,medium,12,163,0,1,electric_vehicle_analytics.csv,torque_nm,only one dataset source; missing planner reference field: torque_nm
Kia,Niro EV,2019,medium,12,163,0,1,electric_vehicle_analytics.csv,torque_nm,only one dataset source; missing planner reference field: torque_nm
Kia,Niro EV,2015,medium,13,163,0,1,electric_vehicle_analytics.csv,torque_nm,only one dataset source; missing planner reference field: torque_nm
Chevrolet,Bolt EUV,2019,medium,14,163,0,1,electric_vehicle_analytics.csv,torque_nm,only one dataset source; missing planner reference field: torque_nm
Kia,Niro EV,2016,medium,14,163,0,1,electric_vehicle_analytics.csv,torque_nm,only one dataset source; missing planner reference field: torque_nm
Chevrolet,Bolt EUV,2015,medium,15,163,0,1,electric_vehicle_analytics.csv,torque_nm,only one dataset source; missing planner reference field: torque_nm
Chevrolet,Bolt EUV,2016,medium,15,163,0,1,electric_vehicle_analytics.csv,torque_nm,only one dataset source; missing planner reference field: torque_nm
Kia,Niro EV,2022,medium,15,163,0,1,electric_vehicle_analytics.csv,torque_nm,only one dataset source; missing planner reference field: torque_nm
Chevrolet,Bolt EUV,2021,medium,16,163,0,1,electric_vehicle_analytics.csv,torque_nm,only one dataset source; missing planner reference field: torque_nm
Chevrolet,Bolt EUV,2022,medium,17,163,0,1,electric_vehicle_analytics.csv,torque_nm,only one dataset source; missing planner reference field: torque_nm
Kia,Niro EV,2023,medium,17,163,0,1,electric_vehicle_analytics.csv,torque_nm,only one dataset source; missing planner reference field: torque_nm
Chevrolet,Bolt EUV,2017,medium,18,163,0,1,electric_vehicle_analytics.csv,torque_nm,only one dataset source; missing planner reference field: torque_nm
Kia,Niro EV,2018,medium,18,163,0,1,electric_vehicle_analytics.csv,torque_nm,only one dataset source; missing planner reference field: torque_nm
Chevrolet,Bolt EUV,2018,medium,19,163,0,1,electric_vehicle_analytics.csv,torque_nm,only one dataset source; missing planner reference field: torque_nm
Kia,Niro EV,2021,medium,19,163,0,1,electric_vehicle_analytics.csv,torque_nm,only one dataset source; missing planner reference field: torque_nm
Kia,Niro EV,2024,medium,21,163,0,1,electric_vehicle_analytics.csv,torque_nm,only one dataset source; missing planner reference field: torque_nm
Kia,Niro EV,2020,medium,23,163,0,1,electric_vehicle_analytics.csv,torque_nm,only one dataset source; missing planner reference field: torque_nm
Chevrolet,Bolt EUV,2020,medium,27,163,0,1,electric_vehicle_analytics.csv,torque_nm,only one dataset source; missing planner reference field: torque_nm
Tesla,Model 3,2024,low,6,69,3,2,"electric_vehicle_analytics.csv, open-ev-data-v1.24.0.csv",,
BMW,iX,2023,low,8,103,4,2,"electric_vehicle_analytics.csv, open-ev-data-v1.24.0.csv",,
BMW,iX,2024,low,12,103,4,2,"electric_vehicle_analytics.csv, open-ev-data-v1.24.0.csv",,
Audi,Q4 e-tron,2024,low,15,142,6,2,"electric_vehicle_analytics.csv, open-ev-data-v1.24.0.csv",,
Audi,Q4 e-tron,2023,low,25,142,6,2,"electric_vehicle_analytics.csv, open-ev-data-v1.24.0.csv",,
Nissan,Ariya,2024,low,14,144,4,2,"electric_vehicle_analytics.csv, open-ev-data-v1.24.0.csv",,
Nissan,Ariya,2023,low,16,144,4,2,"electric_vehicle_analytics.csv, open-ev-data-v1.24.0.csv",,
Chevrolet,Bolt EV,2023,low,13,145,3,2,"electric_vehicle_analytics.csv, open-ev-data-v1.24.0.csv",,
Volkswagen,ID.4,2023,low,13,152,2,2,"electric_vehicle_analytics.csv, open-ev-data-v1.24.0.csv",,
Volkswagen,ID.4,2024,low,15,152,2,2,"electric_vehicle_analytics.csv, open-ev-data-v1.24.0.csv",,
Hyundai,Kona Electric,2023,low,10,154,2,2,"electric_vehicle_analytics.csv, open-ev-data-v1.24.0.csv",,
Hyundai,Kona Electric,2024,low,19,154,2,2,"electric_vehicle_analytics.csv, open-ev-data-v1.24.0.csv",,
Volkswagen,ID.3,2023,low,10,156,2,2,"electric_vehicle_analytics.csv, open-ev-data-v1.24.0.csv",,
Volkswagen,ID.3,2024,low,14,156,3,2,"electric_vehicle_analytics.csv, open-ev-data-v1.24.0.csv",,
Ford,Mustang Mach-E,2024,low,9,161,5,2,"electric_vehicle_analytics.csv, open-ev-data-v1.24.0.csv",,
Ford,Mustang Mach-E,2023,low,20,161,5,2,"electric_vehicle_analytics.csv, open-ev-data-v1.24.0.csv",,
Ford,F-150 Lightning,2024,low,13,162,5,2,"electric_vehicle_analytics.csv, open-ev-data-v1.24.0.csv",,
Ford,F-150 Lightning,2023,low,19,162,5,2,"electric_vehicle_analytics.csv, open-ev-data-v1.24.0.csv",,
Chevrolet,Bolt EUV,2023,low,10,163,3,2,"electric_vehicle_analytics.csv, open-ev-data-v1.24.0.csv",,
